Title,Date,Lab,Plate,Mean_Col1,Mean_Col2,S.D._Col1,S.D._Col2
2023-09-09_plate_5.csv,2023-09-09,Demengeot,plate__5,5.2170000000000005,5.235,2.268116639617348,2.2294037931086583
2023-04-10_plate_8.csv,2023-04-10,Demengeot,plate__8,4.632333333333334,4.623500000000001,2.2597688672369425,2.2847161152477407
2023-08-21_plate_4.csv,2023-08-21,Demengeot,plate__4,4.6314166666666665,4.599666666666667,2.122051814050532,2.2056731948374044
2023-07-04_plate_2.csv,2023-07-04,Demengeot,plate__2,6.545166666666667,6.4736666666666665,3.958703020695112,3.8909670761751234
2023-09-12_plate_4.csv,2023-09-12,Demengeot,plate__4,5.8364166666666675,5.914416666666667,2.7025666406158604,2.6723031761294442
2023-07-04_plate_5.csv,2023-07-04,Demengeot,plate__5,3.4325833333333335,3.49175,1.9986934577065059,2.0186625691734164
2023-09-12_plate_3.csv,2023-09-12,Demengeot,plate__3,6.0055000000000005,6.1305000000000005,3.2818323457261718,3.3330107192365066
2023-09-09_plate_2.csv,2023-09-09,Demengeot,plate__2,5.40675,5.294,3.2881958060752567,3.1622729742443747
2023-08-21_plate_3.csv,2023-08-21,Demengeot,plate__3,5.623583333333333,5.739416666666666,3.4497611895827682,3.4994474747862525
2023-05-23_plate_1.csv,2023-05-23,Demengeot,plate__1,5.01275,4.977083333333334,2.4930418121789946,2.463381506581897
2023-01-24_plate_1.csv,2023-01-24,Demengeot,plate__1,5.053249999999999,5.08675,2.983566051952535,2.968077863625793
2023-08-31_plate_3.csv,2023-08-31,Demengeot,plate__3,4.843749999999999,4.851833333333333,2.5597796824584873,2.6018504545570615
2023-01-17_plate_5.csv,2023-01-17,Demengeot,plate__5,6.381333333333334,6.303583333333332,3.6287769623420285,3.5506248735151167
2023-06-27_plate_5.csv,2023-06-27,Demengeot,plate__5,3.52725,3.650916666666666,1.9299103665008053,2.0306942591740453
2023-04-23_plate_5.csv,2023-04-23,Demengeot,plate__5,7.0905,7.039416666666668,4.493797007593305,4.392877736815135
2023-04-10_plate_1.csv,2023-04-10,Demengeot,plate__1,5.392083333333333,5.416666666666668,3.056059449039008,3.0314569354544934
2023-01-24_plate_6.csv,2023-01-24,Demengeot,plate__6,7.133500000000001,7.075666666666667,4.2681451048861545,4.114321668012698
2023-01-17_plate_2.csv,2023-01-17,Demengeot,plate__2,6.425000000000001,6.556416666666666,4.065604327213181,4.174645122823634
2023-08-31_plate_4.csv,2023-08-31,Demengeot,plate__4,5.317333333333333,5.435083333333334,3.194614027997559,3.1022113361668997
2023-06-27_plate_2.csv,2023-06-27,Demengeot,plate__2,5.830333333333333,5.771249999999999,3.6613376674586453,3.726965036911889
2023-04-23_plate_2.csv,2023-04-23,Demengeot,plate__2,6.6003333333333325,6.501999999999999,4.012666769875192,3.8974508918709234
2023-04-10_plate_6.csv,2023-04-10,Demengeot,plate__6,2.9311666666666665,2.947083333333333,1.1183628321088037,1.0806325974197062
2023-04-03_plate_5.csv,2023-04-03,Demengeot,plate__5,5.4485833333333344,5.513833333333333,2.991775953520017,3.127227899167781
2023-02-14_plate_4.csv,2023-02-14,Demengeot,plate__4,7.466333333333334,7.051749999999998,4.802616622659196,4.573575309715186
2023-05-24_plate_4.csv,2023-05-24,Demengeot,plate__4,5.127833333333334,5.029166666666666,2.661114661645425,2.6688655347214936
2023-06-07_plate_5.csv,2023-06-07,Demengeot,plate__5,6.840000000000001,7.013333333333332,4.3597888189056295,4.498723684321897
2023-05-03_plate_1.csv,2023-05-03,Demengeot,plate__1,5.4455833333333326,5.4504166666666665,2.9637770575685507,2.8342695534326214
2023-03-14_plate_7.csv,2023-03-14,Demengeot,plate__7,7.799833333333332,7.754333333333334,5.448955026313566,5.349515259829764
2023-04-03_plate_2.csv,2023-04-03,Demengeot,plate__2,4.507083333333333,4.59675,2.1484526972740734,2.227069910524507
2023-02-14_plate_3.csv,2023-02-14,Demengeot,plate__3,8.08375,8.046333333333331,4.397490505959053,4.436212293742434
2023-05-24_plate_3.csv,2023-05-24,Demengeot,plate__3,7.248500000000001,7.382416666666667,3.546560369505284,3.741624257369162
2023-06-07_plate_2.csv,2023-06-07,Demengeot,plate__2,5.248666666666667,5.2798333333333325,2.727285741383091,2.7547581591042647
2023-08-01_plate_4.csv,2023-08-01,Demengeot,plate__4,6.324000000000001,6.214000000000001,3.3103239885381175,3.222840531411552
2023-06-18_plate_2.csv,2023-06-18,Demengeot,plate__2,5.793666666666667,5.754416666666667,3.0078421541434692,2.9511140102536113
2023-08-01_plate_3.csv,2023-08-01,Demengeot,plate__3,5.895,5.81475,3.595954772695664,3.7349375101258997
2023-06-24_plate_1.csv,2023-06-24,Demengeot,plate__1,5.3725,5.341166666666666,3.1808425841991212,3.0925511631935367
2023-03-10_plate_1.csv,2023-03-10,Demengeot,plate__1,5.00125,5.0246666666666675,3.5705059260813194,3.5189554062981743
2023-06-18_plate_5.csv,2023-06-18,Demengeot,plate__5,6.247416666666666,6.3892500000000005,3.8564150441082248,3.911921688308004
2023-04-20_plate_1.csv,2023-04-20,Demengeot,plate__1,5.564500000000002,5.525333333333333,2.8826794196309162,2.958656031909001
2023-05-21_plate_1.csv,2023-05-21,Demengeot,plate__1,6.887166666666666,6.8196666666666665,4.679797875070584,4.836342914628654
2023-03-05_plate_4.csv,2023-03-05,Demengeot,plate__4,4.419666666666666,4.2785,2.2358098119364973,2.1394788022914706
2023-07-25_plate_1.csv,2023-07-25,Demengeot,plate__1,8.184666666666665,8.445916666666667,5.273791965651442,5.693987777525173
2023-06-25_plate_5.csv,2023-06-25,Demengeot,plate__5,5.617083333333333,5.846416666666666,3.9021179903490952,3.892669508385621
2023-03-11_plate_2.csv,2023-03-11,Demengeot,plate__2,5.404,5.2909999999999995,4.085624687964998,3.9993177827315414
2023-06-25_plate_2.csv,2023-06-25,Demengeot,plate__2,6.0633333333333335,5.911583333333334,3.4744627140775526,3.3481168780058854
2023-03-05_plate_3.csv,2023-03-05,Demengeot,plate__3,5.276416666666666,5.32075,2.8271026433542534,3.006370845236979
2023-07-25_plate_6.csv,2023-07-25,Demengeot,plate__6,5.86075,5.830833333333332,3.6883682306062466,3.7064912796417864
2023-05-16_plate_3.csv,2023-05-16,Demengeot,plate__3,5.1885,5.168333333333334,2.6072355788528903,2.6669720431207895
2023-01-11_plate_3.csv,2023-01-11,Demengeot,plate__3,7.219750000000001,7.319999999999999,4.440487854545223,4.534995058632168
2023-04-25_plate_3.csv,2023-04-25,Demengeot,plate__3,6.31975,6.523416666666666,3.603942919661994,3.8266415956442996
2023-03-15_plate_3.csv,2023-03-15,Demengeot,plate__3,4.961333333333333,4.782416666666667,3.4414828023379513,3.433805348915751
2023-01-11_plate_4.csv,2023-01-11,Demengeot,plate__4,4.666083333333333,4.706166666666666,2.2467426303361266,2.286973738106295
2023-04-25_plate_4.csv,2023-04-25,Demengeot,plate__4,6.812833333333334,7.019666666666667,4.293119057564587,4.23528218086058
2023-03-15_plate_4.csv,2023-03-15,Demengeot,plate__4,5.67425,5.706583333333334,3.123941744451595,3.2686241047080937
2023-05-16_plate_4.csv,2023-05-16,Demengeot,plate__4,5.020416666666667,5.0615,2.8121428406218283,2.882021938595446
2023-05-22_plate_2.csv,2023-05-22,Demengeot,plate__2,5.664083333333334,5.654666666666665,3.9122519080989973,3.9597561296196773
2023-09-03_plate_7.csv,2023-09-03,Demengeot,plate__7,6.03225,5.9575000000000005,3.973808297636366,3.826765082938852
2023-03-31_plate_5.csv,2023-03-31,Demengeot,plate__5,5.602666666666668,5.66125,2.862173437770463,3.0127758304502934
2023-06-11_plate_4.csv,2023-06-11,Demengeot,plate__4,4.0375000000000005,3.9925833333333327,2.770126793947428,2.643168706421529
2023-07-05_plate_1.csv,2023-07-05,Demengeot,plate__1,6.9766666666666675,6.963999999999999,4.980544171315445,4.873392807330992
2023-04-15_plate_4.csv,2023-04-15,Demengeot,plate__4,4.067916666666666,4.1459166666666665,2.1668062152030174,2.155915264751349
2023-06-11_plate_3.csv,2023-06-11,Demengeot,plate__3,6.379166666666666,6.4902500000000005,4.143881334588565,4.080742871875614
2023-04-29_plate_7.csv,2023-04-29,Demengeot,plate__7,3.2998333333333334,3.289,1.5644272744265542,1.6304888837400884
2023-04-15_plate_3.csv,2023-04-15,Demengeot,plate__3,6.079416666666666,6.2335,3.8170563493669336,3.674660664605645
2023-09-07_plate_1.csv,2023-09-07,Demengeot,plate__1,5.154416666666666,5.273833333333333,2.841341311241875,2.8634003255294957
2023-03-31_plate_2.csv,2023-03-31,Demengeot,plate__2,5.62225,5.660666666666667,2.860042819927384,2.8668864115917976
2023-08-01_plate_2.csv,2023-08-01,Demengeot,plate__2,3.880666666666667,3.9475833333333328,1.9495252724391106,1.9642367223721156
2023-06-18_plate_4.csv,2023-06-18,Demengeot,plate__4,5.741083333333333,5.834416666666667,3.214815658742655,3.220552393564956
2023-03-14_plate_8.csv,2023-03-14,Demengeot,plate__8,4.697500000000001,4.7255,3.1095378931749504,3.1262515021260615
2023-08-01_plate_5.csv,2023-08-01,Demengeot,plate__5,6.229583333333333,6.312416666666667,4.0499444992456,4.058823888278551
2023-06-18_plate_3.csv,2023-06-18,Demengeot,plate__3,4.223166666666667,4.231583333333333,2.6035453741295767,2.532241100769088
2023-03-14_plate_6.csv,2023-03-14,Demengeot,plate__6,6.718,6.698333333333333,4.69773639881244,4.828007632240207
2023-04-03_plate_3.csv,2023-04-03,Demengeot,plate__3,8.366999999999999,8.317,5.346182903377291,5.412496147384729
2023-02-14_plate_2.csv,2023-02-14,Demengeot,plate__2,5.493666666666666,5.554666666666667,3.874571632236696,3.838616851592945
2023-05-24_plate_2.csv,2023-05-24,Demengeot,plate__2,7.5445,7.445333333333333,4.5835365960437935,4.55773556880514
2023-06-07_plate_3.csv,2023-06-07,Demengeot,plate__3,5.895666666666667,5.8293333333333335,3.4878530862860546,3.3808373985081737
2023-04-03_plate_4.csv,2023-04-03,Demengeot,plate__4,7.193999999999999,7.121666666666666,4.292428492547821,4.412536733472304
2023-05-24_plate_5.csv,2023-05-24,Demengeot,plate__5,7.563833333333332,7.333666666666667,5.29575071222774,5.026281262855605
2023-06-07_plate_4.csv,2023-06-07,Demengeot,plate__4,4.9,5.151666666666666,2.749506401982991,2.823752639608677
2023-03-14_plate_1.csv,2023-03-14,Demengeot,plate__1,5.402500000000001,5.485666666666666,2.465088952848263,2.4367272139391223
2023-06-20_plate_1.csv,2023-06-20,Demengeot,plate__1,3.9428333333333327,3.889583333333333,1.9634185323902118,1.9556314701317568
2023-01-17_plate_3.csv,2023-01-17,Demengeot,plate__3,6.488000000000002,6.5015,3.7232398159765006,3.718770776870912
2023-08-31_plate_5.csv,2023-08-31,Demengeot,plate__5,4.867666666666667,4.824666666666666,2.9668769418158867,3.0157786672262556
2023-06-27_plate_3.csv,2023-06-27,Demengeot,plate__3,6.7069166666666655,6.819416666666668,4.533835772346199,4.364415559297994
2023-04-10_plate_7.csv,2023-04-10,Demengeot,plate__7,6.294916666666668,6.258916666666669,3.261321719190029,3.3310213410067524
2023-04-23_plate_3.csv,2023-04-23,Demengeot,plate__3,7.071666666666666,7.181583333333333,4.552656513875534,4.730208480093823
2023-08-31_plate_2.csv,2023-08-31,Demengeot,plate__2,4.525083333333334,4.5495,2.7354981084831977,2.640434451166908
2023-01-17_plate_4.csv,2023-01-17,Demengeot,plate__4,5.957750000000001,6.1155,3.747510134015044,3.90882794570072
2023-06-27_plate_4.csv,2023-06-27,Demengeot,plate__4,5.024333333333334,5.153583333333333,2.633202451676504,2.7272389120378384
2023-04-23_plate_4.csv,2023-04-23,Demengeot,plate__4,6.172166666666667,6.200666666666667,3.6353698782263066,3.5884241497888567
2023-07-04_plate_4.csv,2023-07-04,Demengeot,plate__4,6.8706666666666685,6.971166666666668,3.9914851948373875,4.013582345290082
2023-09-12_plate_2.csv,2023-09-12,Demengeot,plate__2,6.083666666666667,6.064416666666667,4.0002117974230345,3.944037535740923
2023-06-10_plate_1.csv,2023-06-10,Demengeot,plate__1,5.311500000000001,5.3631666666666655,3.006020942889605,3.0914650493762905
2023-09-09_plate_3.csv,2023-09-09,Demengeot,plate__3,4.483166666666666,4.449666666666666,2.2391197066271515,2.133356567108331
2023-08-21_plate_2.csv,2023-08-21,Demengeot,plate__2,6.694666666666666,6.966,4.373258933217846,4.589041829084903
2023-09-09_plate_4.csv,2023-09-09,Demengeot,plate__4,6.481416666666667,6.52175,3.7682593150089225,3.6327546053549056
2023-08-21_plate_5.csv,2023-08-21,Demengeot,plate__5,5.5298333333333325,5.402083333333334,3.2927162269948425,3.25566235289543
2023-07-04_plate_3.csv,2023-07-04,Demengeot,plate__3,5.191833333333333,5.188666666666667,3.1139058441225558,3.2484888328220705
2023-09-12_plate_5.csv,2023-09-12,Demengeot,plate__5,7.524833333333333,7.423666666666667,4.658302047924433,4.567512259690634
2023-06-11_plate_2.csv,2023-06-11,Demengeot,plate__2,6.792000000000001,7.008833333333334,4.0032426629148805,4.16426007469478
2023-04-29_plate_6.csv,2023-04-29,Demengeot,plate__6,5.713250000000001,5.645583333333334,2.8327329600100457,2.7852968328294376
2023-04-15_plate_2.csv,2023-04-15,Demengeot,plate__2,5.872166666666668,5.7245,3.8412061276572387,3.8980794222050146
2023-08-20_plate_1.csv,2023-08-20,Demengeot,plate__1,5.623499999999999,5.556666666666668,3.6252724913258088,3.4719049875283514
2023-03-31_plate_3.csv,2023-03-31,Demengeot,plate__3,4.962416666666667,4.9093333333333335,2.858143754204286,2.761749654026438
2023-03-31_plate_4.csv,2023-03-31,Demengeot,plate__4,6.675666666666668,6.649249999999999,3.916792735559712,3.7934440845658015
2023-06-11_plate_5.csv,2023-06-11,Demengeot,plate__5,4.199916666666668,4.205666666666667,2.507715130201679,2.3856590983066575
2023-04-29_plate_1.csv,2023-04-29,Demengeot,plate__1,7.277583333333335,7.264666666666667,4.546396684255132,4.530986594015867
2023-04-15_plate_5.csv,2023-04-15,Demengeot,plate__5,5.637083333333334,5.7135,3.669197867712266,3.6357831593507033
2023-05-22_plate_4.csv,2023-05-22,Demengeot,plate__4,4.894916666666666,4.931833333333333,2.3548934142385813,2.37985720860167
2023-09-03_plate_6.csv,2023-09-03,Demengeot,plate__6,6.0177499999999995,5.862000000000001,3.7706858099386547,3.6165564988108385
2023-05-22_plate_3.csv,2023-05-22,Demengeot,plate__3,5.525083333333334,5.441333333333333,3.867290159044498,3.852180759785372
2023-09-03_plate_1.csv,2023-09-03,Demengeot,plate__1,5.705583333333333,5.5566666666666675,3.1433640190185743,2.9754799561914327
2023-01-11_plate_5.csv,2023-01-11,Demengeot,plate__5,5.800083333333333,5.698916666666666,3.9036311175001095,3.860419653550006
2023-03-15_plate_5.csv,2023-03-15,Demengeot,plate__5,6.043416666666666,6.017250000000001,3.511007637244311,3.479884745348485
2023-05-16_plate_5.csv,2023-05-16,Demengeot,plate__5,4.884333333333333,4.99725,2.828986658708647,2.9421011392602336
2023-05-16_plate_2.csv,2023-05-16,Demengeot,plate__2,4.50575,4.5015,2.562842673318403,2.5086725029929133
2023-01-11_plate_2.csv,2023-01-11,Demengeot,plate__2,6.464333333333332,6.528499999999998,3.7293753396839024,3.704256924625554
2023-04-25_plate_2.csv,2023-04-25,Demengeot,plate__2,6.835000000000001,6.927166666666666,4.236459005949533,4.459840699016733
2023-03-15_plate_2.csv,2023-03-15,Demengeot,plate__2,5.914583333333333,5.806666666666666,3.4396868107519043,3.4418920096453642
2023-03-11_plate_3.csv,2023-03-11,Demengeot,plate__3,6.093583333333334,6.090000000000001,3.674391067877366,3.5830627325591924
2023-06-25_plate_3.csv,2023-06-25,Demengeot,plate__3,6.849999999999999,6.736916666666666,3.7672937718787427,3.649144045547053
2023-03-05_plate_2.csv,2023-03-05,Demengeot,plate__2,7.234749999999998,7.467833333333332,4.432047487540965,4.5704003769976875
2023-07-25_plate_7.csv,2023-07-25,Demengeot,plate__7,5.740916666666667,5.715583333333332,3.4120273221311836,3.217913763981913
2023-03-05_plate_5.csv,2023-03-05,Demengeot,plate__5,6.1306666666666665,6.2618333333333345,3.163425195843418,3.108356444791811
2023-03-11_plate_4.csv,2023-03-11,Demengeot,plate__4,6.228666666666666,6.360166666666667,3.860084957457268,3.9462047321291873
2023-06-25_plate_4.csv,2023-06-25,Demengeot,plate__4,4.9944999999999995,4.976833333333333,3.1830114814290393,3.180073036134786
2023-08-20_plate_5.csv,2023-08-20,Demengeot,plate__5,5.054333333333333,4.99725,2.5607787286233257,2.4745979701026917
2023-09-07_plate_4.csv,2023-09-07,Demengeot,plate__4,6.350833333333333,6.415166666666667,3.3633954930136065,3.5350880619951472
2023-04-29_plate_2.csv,2023-04-29,Demengeot,plate__2,9.085583333333334,8.812833333333334,5.948435278722591,5.857002938725779
2023-06-11_plate_6.csv,2023-06-11,Demengeot,plate__6,5.038916666666666,5.167833333333333,2.9680167072040593,3.0737127633393384
2023-07-05_plate_3.csv,2023-07-05,Demengeot,plate__3,4.893250000000001,4.878833333333334,2.644898215089159,2.6442204499396014
2023-04-15_plate_6.csv,2023-04-15,Demengeot,plate__6,4.286583333333333,4.144916666666666,2.135166566137526,2.0650054130826407
2023-04-29_plate_5.csv,2023-04-29,Demengeot,plate__5,6.577083333333334,6.3989166666666675,4.405100648077973,4.307793116884652
2023-06-11_plate_1.csv,2023-06-11,Demengeot,plate__1,5.693583333333333,5.679083333333335,2.781774791823422,2.7868411723126547
2023-07-05_plate_4.csv,2023-07-05,Demengeot,plate__4,7.4415000000000004,7.466749999999998,4.716428492755162,4.6883047551617985
2023-04-15_plate_1.csv,2023-04-15,Demengeot,plate__1,6.468916666666666,6.385916666666667,4.263309138522101,4.142584710459562
2023-08-20_plate_2.csv,2023-08-20,Demengeot,plate__2,6.068166666666666,5.864250000000001,3.1429744115272635,3.0463792256322315
2023-09-07_plate_3.csv,2023-09-07,Demengeot,plate__3,8.042666666666667,7.959500000000001,5.384628396620975,5.262449058272117
2023-09-03_plate_2.csv,2023-09-03,Demengeot,plate__2,6.753833333333334,7.147166666666668,4.1415895901614075,4.201992662217931
2023-06-11_plate_8.csv,2023-06-11,Demengeot,plate__8,5.689499999999999,5.4621666666666675,2.90146594609753,2.716704281204554
2023-09-03_plate_5.csv,2023-09-03,Demengeot,plate__5,4.847,4.787249999999999,2.881650221661193,2.7582692572434886
2023-05-16_plate_1.csv,2023-05-16,Demengeot,plate__1,5.261166666666667,5.168416666666666,2.568483487243479,2.5664180364622573
2023-01-11_plate_1.csv,2023-01-11,Demengeot,plate__1,6.660833333333334,6.771833333333333,4.09415079069759,4.047031658193971
2023-04-25_plate_1.csv,2023-04-25,Demengeot,plate__1,5.556916666666667,5.78175,3.325213717214506,3.3750005824915323
2023-03-15_plate_1.csv,2023-03-15,Demengeot,plate__1,6.231750000000001,6.179416666666666,3.8554544862382363,3.8217935213322254
2023-05-16_plate_6.csv,2023-05-16,Demengeot,plate__6,6.065750000000001,6.082750000000001,3.5783007426075093,3.6454272258667997
2023-03-05_plate_6.csv,2023-03-05,Demengeot,plate__6,5.414583333333334,5.361416666666668,3.5507419060434864,3.3342362750529224
2023-05-21_plate_3.csv,2023-05-21,Demengeot,plate__3,6.469,6.562666666666666,4.071865286216,4.118536751043624
2023-07-25_plate_3.csv,2023-07-25,Demengeot,plate__3,6.678333333333332,6.620583333333335,4.0104550259479925,3.798714889354828
2023-06-25_plate_7.csv,2023-06-25,Demengeot,plate__7,6.113916666666667,6.160500000000002,3.635555789905465,3.6551108551774956
2023-03-05_plate_1.csv,2023-03-05,Demengeot,plate__1,5.820249999999999,5.841916666666667,3.1595328804630713,3.2158433209893036
2023-05-21_plate_4.csv,2023-05-21,Demengeot,plate__4,4.394166666666667,4.565416666666667,2.291732168760855,2.39999157037661
2023-07-25_plate_4.csv,2023-07-25,Demengeot,plate__4,5.782583333333332,5.7435833333333335,3.184309899786575,3.360054016295607
2023-08-01_plate_6.csv,2023-08-01,Demengeot,plate__6,6.247166666666666,6.247416666666666,4.195666830375733,4.14183985157087
2023-06-24_plate_4.csv,2023-06-24,Demengeot,plate__4,6.1005,6.191333333333333,4.124402380951694,4.143161075431379
2023-03-10_plate_4.csv,2023-03-10,Demengeot,plate__4,5.955500000000001,6.0425,3.213586059783737,3.2924974632419306
2023-04-20_plate_4.csv,2023-04-20,Demengeot,plate__4,5.456250000000001,5.548916666666667,3.377975540171953,3.3785031773992706
2023-08-01_plate_1.csv,2023-08-01,Demengeot,plate__1,5.030583333333333,5.0249999999999995,2.7093724687171425,2.615154019451731
2023-05-24_plate_8.csv,2023-05-24,Demengeot,plate__8,6.1306666666666665,5.9870833333333335,3.385548494123309,3.4524868628104564
2023-06-24_plate_3.csv,2023-06-24,Demengeot,plate__3,5.79025,5.8183333333333325,3.195345311400774,3.0975432298203778
2023-03-10_plate_3.csv,2023-03-10,Demengeot,plate__3,3.657833333333334,3.667666666666666,2.166013507610586,2.1427985241621563
2023-04-20_plate_3.csv,2023-04-20,Demengeot,plate__3,6.341833333333333,6.152500000000001,3.6379600385963893,3.536738212225805
2023-06-18_plate_7.csv,2023-06-18,Demengeot,plate__7,5.716750000000001,5.5785833333333334,3.4635420420824587,3.495044945954547
2023-04-03_plate_7.csv,2023-04-03,Demengeot,plate__7,5.9316666666666675,6.002083333333334,3.461946728578467,3.6541339592883353
2023-05-24_plate_6.csv,2023-05-24,Demengeot,plate__6,5.97175,5.927166666666667,3.636924628033966,3.648379387003927
2023-03-14_plate_2.csv,2023-03-14,Demengeot,plate__2,5.974916666666666,5.7138333333333335,3.1079957721491467,3.0506503876843687
2023-05-03_plate_3.csv,2023-05-03,Demengeot,plate__3,5.998166666666669,5.917083333333334,4.007456478147009,3.8486226688218865
2023-06-20_plate_2.csv,2023-06-20,Demengeot,plate__2,5.02775,5.155,2.9005374149378844,2.975153288640619
2023-03-14_plate_5.csv,2023-03-14,Demengeot,plate__5,7.58275,7.903083333333335,5.355619311017676,5.384128383217631
2023-05-03_plate_4.csv,2023-05-03,Demengeot,plate__4,4.4070833333333335,4.406416666666667,1.9274294920877644,1.8521582230828262
2023-06-20_plate_5.csv,2023-06-20,Demengeot,plate__5,6.452333333333333,6.3936666666666655,4.1914812598310816,4.188859778319661
2023-02-14_plate_1.csv,2023-02-14,Demengeot,plate__1,4.60725,4.629583333333334,1.7506246742234612,1.8851424088156183
2023-08-01_plate_8.csv,2023-08-01,Demengeot,plate__8,4.8605833333333335,4.953083333333333,2.7321633938339156,2.729874038330618
2023-05-24_plate_1.csv,2023-05-24,Demengeot,plate__1,4.981916666666667,5.043333333333333,3.216883230659293,3.250647497271144
2023-05-23_plate_3.csv,2023-05-23,Demengeot,plate__3,3.965666666666667,4.090916666666667,2.6769939156155034,2.815673614166804
2023-01-24_plate_3.csv,2023-01-24,Demengeot,plate__3,5.789833333333334,5.883166666666667,3.5218945529961916,3.3463764889893373
2023-08-31_plate_1.csv,2023-08-31,Demengeot,plate__1,6.025666666666667,6.088416666666667,3.9141349057749735,4.1244676892536045
2023-06-27_plate_7.csv,2023-06-27,Demengeot,plate__7,8.87825,8.952833333333334,5.587425950292317,5.650422507667149
2023-04-10_plate_3.csv,2023-04-10,Demengeot,plate__3,7.36975,7.5906666666666665,4.891358541996654,4.927979271158686
2023-01-24_plate_4.csv,2023-01-24,Demengeot,plate__4,6.00025,5.928583333333333,3.9479049708789735,3.673511732248816
2023-08-31_plate_6.csv,2023-08-31,Demengeot,plate__6,7.401083333333333,7.5248333333333335,4.729171587235459,4.84896436615515
2023-04-10_plate_4.csv,2023-04-10,Demengeot,plate__4,8.128166666666667,7.958083333333332,5.077160978938979,5.245763528069507
2023-05-23_plate_4.csv,2023-05-23,Demengeot,plate__4,6.601249999999999,6.892166666666668,4.0085227413826425,4.330022356300324
2023-08-31_plate_8.csv,2023-08-31,Demengeot,plate__8,7.143666666666667,7.2011666666666665,4.164659242490387,4.135947749655306
2023-08-21_plate_6.csv,2023-08-21,Demengeot,plate__6,5.493666666666666,5.7242500000000005,3.782342524110815,3.8957807042304817
2023-06-10_plate_2.csv,2023-06-10,Demengeot,plate__2,6.466833333333333,6.322166666666665,4.128865788200156,3.991856001076859
2023-09-12_plate_1.csv,2023-09-12,Demengeot,plate__1,3.5101666666666667,3.565,1.86014314372618,1.817082276618205
2023-08-21_plate_1.csv,2023-08-21,Demengeot,plate__1,5.82,5.65275,3.8678407412922264,3.626054031713964
2023-03-11_plate_1.csv,2023-03-11,Demengeot,plate__1,8.058166666666667,7.768750000000001,5.43660538861477,5.3717118504761086
2023-06-25_plate_1.csv,2023-06-25,Demengeot,plate__1,5.599749999999999,5.712083333333335,3.2799746984888882,3.4180803878608224
2023-07-25_plate_5.csv,2023-07-25,Demengeot,plate__5,5.152166666666667,5.0400833333333335,3.5404936182128703,3.527637671002903
2023-03-05_plate_7.csv,2023-03-05,Demengeot,plate__7,6.150833333333332,6.0104999999999995,3.7224138022459985,3.550855991550104
2023-05-21_plate_2.csv,2023-05-21,Demengeot,plate__2,7.425499999999999,7.125749999999999,3.9823052140916846,3.7257588397289187
2023-07-25_plate_2.csv,2023-07-25,Demengeot,plate__2,7.1120833333333335,7.253,4.153733314377525,4.282437878337313
2023-06-25_plate_6.csv,2023-06-25,Demengeot,plate__6,4.432166666666666,4.421333333333334,2.829442471047909,2.846122572372753
2023-06-25_plate_8.csv,2023-06-25,Demengeot,plate__8,6.703666666666666,7.009166666666669,3.4314904350821966,3.5853733122059674
2023-09-03_plate_4.csv,2023-09-03,Demengeot,plate__4,6.741166666666667,6.700166666666668,4.400011339517069,4.261396054502953
2023-05-22_plate_1.csv,2023-05-22,Demengeot,plate__1,6.942083333333333,6.753249999999999,4.421795243364671,4.2427824087716095
2023-09-03_plate_3.csv,2023-09-03,Demengeot,plate__3,6.612166666666667,6.665833333333334,3.7569081783570466,3.6346693693157874
2023-04-29_plate_4.csv,2023-04-29,Demengeot,plate__4,4.962916666666666,5.0055000000000005,3.342077020447922,3.2875586825042515
2023-07-05_plate_5.csv,2023-07-05,Demengeot,plate__5,5.573250000000001,5.677333333333333,3.528516972146694,3.489038922978734
2023-08-20_plate_3.csv,2023-08-20,Demengeot,plate__3,4.832166666666667,4.796583333333333,2.7688642185210277,2.647895715411951
2023-09-07_plate_2.csv,2023-09-07,Demengeot,plate__2,4.868083333333334,4.85525,2.7624644286754116,2.734474459230113
2023-03-31_plate_1.csv,2023-03-31,Demengeot,plate__1,5.648583333333334,5.687583333333333,3.5037085406578536,3.3978610774302047
2023-08-20_plate_4.csv,2023-08-20,Demengeot,plate__4,3.62375,3.6461666666666663,1.9311981737676835,1.9583253900548125
2023-04-29_plate_3.csv,2023-04-29,Demengeot,plate__3,4.50925,4.4495,2.9299649121386486,2.8168561618165096
2023-06-11_plate_7.csv,2023-06-11,Demengeot,plate__7,7.561749999999999,7.819916666666668,4.591402481813155,4.552535526461816
2023-07-05_plate_2.csv,2023-07-05,Demengeot,plate__2,7.717583333333334,7.761833333333332,5.010680872955896,5.074501925103466
2023-06-10_plate_3.csv,2023-06-10,Demengeot,plate__3,6.375,6.465083333333332,3.9622874706411704,3.9681843445616587
2023-09-09_plate_1.csv,2023-09-09,Demengeot,plate__1,6.766333333333331,6.704416666666667,3.8339293001811963,3.798468625843203
2023-09-09_plate_6.csv,2023-09-09,Demengeot,plate__6,7.860666666666667,7.490500000000001,4.956887794378708,4.658185493398594
2023-08-21_plate_7.csv,2023-08-21,Demengeot,plate__7,5.350583333333334,5.3125,2.2628554550845843,2.3069208324675397
2023-07-04_plate_1.csv,2023-07-04,Demengeot,plate__1,6.613500000000001,6.522750000000001,3.7302424366740077,3.803726548937359
2023-06-10_plate_4.csv,2023-06-10,Demengeot,plate__4,6.506833333333334,6.436583333333334,3.4369504673695133,3.412091213166743
2023-08-31_plate_7.csv,2023-08-31,Demengeot,plate__7,4.497833333333333,4.561583333333334,2.20436929068089,2.2476900651085945
2023-01-17_plate_1.csv,2023-01-17,Demengeot,plate__1,4.738833333333333,4.745416666666666,2.2507058219522373,2.1787873799363022
2023-01-24_plate_5.csv,2023-01-24,Demengeot,plate__5,5.745416666666667,5.806,3.002457885809659,3.071931876612086
2023-06-27_plate_1.csv,2023-06-27,Demengeot,plate__1,4.12875,4.109750000000001,2.5849470233713427,2.589718837845319
2023-04-10_plate_5.csv,2023-04-10,Demengeot,plate__5,6.787333333333334,6.89,4.454124877486309,4.307365003424631
2023-04-23_plate_1.csv,2023-04-23,Demengeot,plate__1,5.41825,5.256749999999999,3.45816735819317,3.3850698428406307
2023-05-23_plate_2.csv,2023-05-23,Demengeot,plate__2,5.703166666666667,5.704000000000001,3.4061215168984775,3.487198224154379
2023-01-17_plate_6.csv,2023-01-17,Demengeot,plate__6,7.346916666666668,7.262416666666667,4.6943570662180685,4.667515037874852
2023-01-24_plate_2.csv,2023-01-24,Demengeot,plate__2,6.217083333333332,6.0310000000000015,4.1199562543646975,4.145463193770883
2023-06-27_plate_6.csv,2023-06-27,Demengeot,plate__6,5.756083333333334,5.71675,3.4109200693796637,3.400047115315262
2023-04-10_plate_2.csv,2023-04-10,Demengeot,plate__2,5.59675,5.710583333333332,3.3770152535526505,3.283601583027485
2023-04-23_plate_6.csv,2023-04-23,Demengeot,plate__6,5.959333333333333,6.162833333333334,3.5678941671353974,3.7210998822032892
2023-03-14_plate_4.csv,2023-03-14,Demengeot,plate__4,4.1258333333333335,4.101166666666667,1.9607714081839105,1.9844974556585229
2023-05-03_plate_5.csv,2023-05-03,Demengeot,plate__5,6.173583333333333,6.305500000000001,4.092904046991425,4.2056431245303125
2023-06-20_plate_4.csv,2023-06-20,Demengeot,plate__4,5.585583333333333,5.668166666666668,3.174292489769344,3.189254168534573
2023-04-03_plate_1.csv,2023-04-03,Demengeot,plate__1,4.953833333333333,5.167166666666667,3.35073014657276,3.507163392345167
2023-06-07_plate_1.csv,2023-06-07,Demengeot,plate__1,5.156166666666667,5.160749999999999,2.958239674146936,2.9290812436356526
2023-04-03_plate_6.csv,2023-04-03,Demengeot,plate__6,5.512833333333333,5.534666666666667,2.992964107956384,2.9382688265319934
2023-05-24_plate_7.csv,2023-05-24,Demengeot,plate__7,5.200083333333334,5.263416666666666,2.7963337184877477,2.7709449802068127
2023-06-07_plate_6.csv,2023-06-07,Demengeot,plate__6,5.888750000000001,5.922000000000001,3.262204918734901,3.164691885045482
2023-06-18_plate_8.csv,2023-06-18,Demengeot,plate__8,4.936333333333333,5.16575,3.3175640936011344,3.4696735535467624
2023-03-14_plate_3.csv,2023-03-14,Demengeot,plate__3,4.823666666666666,4.801666666666667,2.768623495639315,2.8455331289371397
2023-05-03_plate_2.csv,2023-05-03,Demengeot,plate__2,5.593416666666666,5.4264166666666656,3.480134048053931,3.3733904029338295
2023-06-20_plate_3.csv,2023-06-20,Demengeot,plate__3,4.655416666666667,4.695166666666666,2.540432728290536,2.500081810782611
2023-04-03_plate_8.csv,2023-04-03,Demengeot,plate__8,6.033416666666667,6.069416666666665,3.9441375934493723,3.9012738352849303
2023-06-24_plate_2.csv,2023-06-24,Demengeot,plate__2,6.440166666666667,6.266916666666667,4.044770851658255,3.912824147672121
2023-03-10_plate_2.csv,2023-03-10,Demengeot,plate__2,5.496916666666667,5.484083333333333,3.5302151481778337,3.454429737396038
2023-04-20_plate_2.csv,2023-04-20,Demengeot,plate__2,5.8415,5.98975,3.282852155173497,3.3560787217173016
2023-06-18_plate_6.csv,2023-06-18,Demengeot,plate__6,4.806583333333333,4.820666666666667,3.14401649481948,3.2250069579441036
2023-08-01_plate_7.csv,2023-08-01,Demengeot,plate__7,5.616,5.73,3.2388838986741884,3.27412172817522
2023-06-24_plate_5.csv,2023-06-24,Demengeot,plate__5,5.994833333333332,5.913416666666666,3.687081251005347,3.7105376591131605
2023-03-10_plate_5.csv,2023-03-10,Demengeot,plate__5,4.205916666666667,4.2245,2.154781467862211,2.147220126751627
2023-04-20_plate_5.csv,2023-04-20,Demengeot,plate__5,5.6321666666666665,5.6018333333333326,3.0566741531913206,3.033658692174527
2023-06-18_plate_1.csv,2023-06-18,Demengeot,plate__1,7.161583333333335,7.031333333333332,4.94222501342597,5.039788583829382
2023-12-25_plate_1.csv,2023-12-25,Howard,plate__1,6.31975,6.211583333333334,3.9563203088682846,3.9961726111216453
2023-10-06_plate_4.csv,2023-10-06,Howard,plate__4,5.875250000000001,6.044666666666667,3.4450166413372965,3.395978164972457
2023-12-02_plate_4.csv,2023-12-02,Howard,plate__4,8.125916666666665,7.86525,5.472041192334544,5.374058735765226
2023-10-06_plate_3.csv,2023-10-06,Howard,plate__3,5.445833333333334,5.558416666666666,1.9378820600820572,2.0258033853413826
2023-12-02_plate_3.csv,2023-12-02,Howard,plate__3,6.8983333333333325,6.954666666666665,4.062291479030778,4.25863999488811
2023-12-25_plate_6.csv,2023-12-25,Howard,plate__6,6.717333333333333,6.8006666666666655,3.675128577425021,3.6359352012761157
2023-09-26_plate_3.csv,2023-09-26,Howard,plate__3,7.538583333333332,7.585249999999999,3.7365217286652945,3.8547187876443307
2023-12-09_plate_2.csv,2023-12-09,Howard,plate__2,7.40125,7.592749999999999,4.378099258084079,4.522342677800362
2023-08-15_plate_3.csv,2023-08-15,Howard,plate__3,6.8172500000000005,6.807833333333332,4.101427293139437,4.029542018491417
2023-12-25_plate_8.csv,2023-12-25,Howard,plate__8,7.391166666666666,7.281083333333334,4.732255273090936,4.597578976697377
2023-08-15_plate_4.csv,2023-08-15,Howard,plate__4,4.925416666666666,4.86975,1.9642500053031267,1.9480895594962213
2023-09-26_plate_4.csv,2023-09-26,Howard,plate__4,8.368916666666669,8.31675,4.784704426291105,4.7868352446152675
2023-08-12_plate_6.csv,2023-08-12,Howard,plate__6,7.411583333333334,7.349249999999999,4.56235197435257,4.51775264172555
2023-08-21_plate_2.csv,2023-08-21,Howard,plate__2,9.970166666666668,9.808666666666664,6.042466366300998,5.983403080542245
2023-09-09_plate_3.csv,2023-09-09,Howard,plate__3,4.684666666666666,4.835333333333334,2.3725844877506788,2.3483669890269527
2023-08-12_plate_1.csv,2023-08-12,Howard,plate__1,7.2085833333333325,7.353416666666665,4.292891067765052,4.406258286044218
2023-09-09_plate_4.csv,2023-09-09,Howard,plate__4,6.2700000000000005,6.310916666666665,3.525840351152925,3.5872767199020923
2023-10-29_plate_4.csv,2023-10-29,Howard,plate__4,7.591916666666667,7.65525,3.7632454431184152,3.8868334886102107
2023-09-16_plate_4.csv,2023-09-16,Howard,plate__4,4.093249999999999,3.920083333333333,1.6804399924370457,1.5888618830261279
2023-11-15_plate_4.csv,2023-11-15,Howard,plate__4,8.576666666666668,8.761583333333332,5.534597831054678,5.585832361809869
2023-11-15_plate_3.csv,2023-11-15,Howard,plate__3,4.763416666666667,4.73875,2.0798456873848434,2.0597328655125957
2023-08-12_plate_8.csv,2023-08-12,Howard,plate__8,7.35875,7.2749999999999995,4.6630527871186,4.5904231335961345
2023-10-29_plate_3.csv,2023-10-29,Howard,plate__3,6.838333333333334,6.762416666666667,3.9159493063236877,3.7851129071266776
2023-09-16_plate_3.csv,2023-09-16,Howard,plate__3,6.407416666666667,6.493749999999999,3.67348926173204,3.4342753139226017
2023-10-14_plate_3.csv,2023-10-14,Howard,plate__3,9.05125,9.298333333333334,5.810597342552032,5.931337536314804
2023-11-27_plate_3.csv,2023-11-27,Howard,plate__3,6.981166666666667,6.962249999999998,3.798612182778273,3.8232619134831594
2023-08-18_plate_3.csv,2023-08-18,Howard,plate__3,6.595333333333335,6.431333333333334,4.187681075234693,4.184692501646128
2023-11-27_plate_4.csv,2023-11-27,Howard,plate__4,8.033916666666666,7.931333333333335,5.236783753730274,5.26009478541168
2023-08-18_plate_4.csv,2023-08-18,Howard,plate__4,6.582250000000001,6.502916666666665,3.7681195726298764,3.74792816605105
2023-10-14_plate_4.csv,2023-10-14,Howard,plate__4,7.183,7.403916666666665,4.858637706563061,4.9941289796271295
2023-08-08_plate_4.csv,2023-08-08,Howard,plate__4,8.079333333333333,8.205083333333333,5.365146957799747,5.266360006655162
2023-09-13_plate_1.csv,2023-09-13,Howard,plate__1,6.283999999999999,6.292416666666667,3.8418106289991583,3.7174822970375905
2023-10-04_plate_4.csv,2023-10-04,Howard,plate__4,11.21525,11.289583333333335,7.780692200160367,7.70913567208452
2023-10-04_plate_3.csv,2023-10-04,Howard,plate__3,7.139166666666667,7.189583333333335,4.304795947721002,4.377895685005283
2023-08-08_plate_3.csv,2023-08-08,Howard,plate__3,6.701916666666666,6.768583333333333,3.7836807346174375,3.7987970454374427
2023-09-13_plate_6.csv,2023-09-13,Howard,plate__6,8.97475,8.924333333333333,5.151705950900677,5.025571181166346
2023-09-14_plate_4.csv,2023-09-14,Howard,plate__4,6.904416666666667,6.998916666666666,3.5616447288075244,3.7732830281607637
2023-09-14_plate_3.csv,2023-09-14,Howard,plate__3,6.684333333333332,6.764333333333332,3.7117711364922497,3.8113364950877635
2023-09-28_plate_7.csv,2023-09-28,Howard,plate__7,6.687833333333334,6.553333333333334,4.077774344671441,4.05121701878995
2023-12-24_plate_2.csv,2023-12-24,Howard,plate__2,6.091583333333335,6.060416666666666,2.8367550430452084,2.852341190171946
2023-11-07_plate_3.csv,2023-11-07,Howard,plate__3,5.89275,5.971000000000001,3.6677198545987917,3.69677628604855
2023-11-13_plate_2.csv,2023-11-13,Howard,plate__2,7.510416666666665,7.785166666666666,4.6520050116898926,4.608358568619601
2023-08-23_plate_2.csv,2023-08-23,Howard,plate__2,8.01225,8.211333333333334,5.122877851098222,5.307695824903399
2023-11-13_plate_5.csv,2023-11-13,Howard,plate__5,8.054833333333333,7.991916666666668,5.4161619224038136,5.204596700091763
2023-08-23_plate_5.csv,2023-08-23,Howard,plate__5,6.85775,6.875166666666666,5.534037587758803,5.4563286830037745
2023-12-24_plate_5.csv,2023-12-24,Howard,plate__5,8.510416666666666,8.206583333333334,5.326073915752635,5.065874140817758
2023-11-07_plate_4.csv,2023-11-07,Howard,plate__4,8.720666666666666,8.494333333333332,6.0907254133318185,5.68692317088205
2023-11-15_plate_2.csv,2023-11-15,Howard,plate__2,4.8075,4.8525833333333335,2.6365570697062832,2.6330750242507968
2023-10-29_plate_2.csv,2023-10-29,Howard,plate__2,5.07075,5.169416666666666,2.7951964681314525,2.9532163809013796
2023-09-16_plate_2.csv,2023-09-16,Howard,plate__2,8.639750000000001,8.292666666666667,5.509625975178682,5.503276236328078
2023-10-29_plate_5.csv,2023-10-29,Howard,plate__5,6.876416666666667,7.082333333333334,3.4941255235383895,3.6158631393381366
2023-09-16_plate_5.csv,2023-09-16,Howard,plate__5,7.758,8.115583333333333,5.3520064376914664,5.427442516061457
2023-11-15_plate_5.csv,2023-11-15,Howard,plate__5,4.409416666666666,4.50725,1.9524722537119834,1.9320278148289498
2023-08-21_plate_4.csv,2023-08-21,Howard,plate__4,6.345416666666665,6.153,3.6179398321127283,3.477861830074753
2023-09-09_plate_5.csv,2023-09-09,Howard,plate__5,5.972833333333331,6.0248333333333335,3.273004981062602,3.3243540953868247
2023-08-21_plate_3.csv,2023-08-21,Howard,plate__3,5.888833333333334,6.140916666666668,3.0646965690922916,3.1308818524885966
2023-08-12_plate_7.csv,2023-08-12,Howard,plate__7,7.157749999999999,7.038166666666666,3.7243322311767266,3.6367308204768283
2023-09-09_plate_2.csv,2023-09-09,Howard,plate__2,4.45475,4.44475,1.9177566972898308,1.9188746287626741
2023-12-09_plate_4.csv,2023-12-09,Howard,plate__4,7.284583333333334,7.272166666666668,4.587052974669493,4.533842577235288
2023-12-21_plate_1.csv,2023-12-21,Howard,plate__1,5.7535,5.947749999999999,2.900633238073745,3.0221283326640695
2023-09-26_plate_5.csv,2023-09-26,Howard,plate__5,6.97225,7.227916666666666,3.6207025467191007,3.828431448525702
2023-10-25_plate_1.csv,2023-10-25,Howard,plate__1,10.995249999999999,10.65525,6.666646739553552,6.744314307420194
2023-09-26_plate_2.csv,2023-09-26,Howard,plate__2,5.193833333333333,5.0515,2.715082447545506,2.5543307075702555
2023-08-15_plate_2.csv,2023-08-15,Howard,plate__2,8.20775,8.429,5.8478229690434995,5.771059159130308
2023-12-09_plate_3.csv,2023-12-09,Howard,plate__3,6.305,6.21125,3.109794526974411,2.8917042199115985
2023-10-06_plate_2.csv,2023-10-06,Howard,plate__2,8.018666666666666,7.8925833333333335,6.043055478410861,5.902619610406172
2023-12-02_plate_2.csv,2023-12-02,Howard,plate__2,4.531333333333333,4.5320833333333335,2.0123719759768495,2.078142284844954
2023-12-25_plate_7.csv,2023-12-25,Howard,plate__7,8.547083333333331,8.728083333333334,5.7421409605308416,5.751378229422821
2023-10-06_plate_5.csv,2023-10-06,Howard,plate__5,8.642666666666667,8.770666666666665,5.366586765827188,5.377363942462605
2023-11-13_plate_4.csv,2023-11-13,Howard,plate__4,5.886083333333333,5.853083333333333,3.053156055873193,2.995085898247125
2023-08-23_plate_4.csv,2023-08-23,Howard,plate__4,10.160416666666666,10.387916666666667,6.824224930460247,6.990838088115217
2023-12-24_plate_4.csv,2023-12-24,Howard,plate__4,6.198416666666667,5.938416666666665,2.893271739062995,2.9585487983848164
2023-11-07_plate_5.csv,2023-11-07,Howard,plate__5,7.306583333333332,7.303583333333333,3.9330254941811384,3.9696379834560442
2023-12-24_plate_3.csv,2023-12-24,Howard,plate__3,6.966166666666665,7.415333333333332,3.942035856885335,4.22645250628453
2023-11-07_plate_2.csv,2023-11-07,Howard,plate__2,6.569666666666666,6.73825,3.4790542427853035,3.6849596303450496
2023-11-13_plate_3.csv,2023-11-13,Howard,plate__3,4.839916666666666,4.793166666666668,1.9997031351647874,1.9837288503006532
2023-08-23_plate_3.csv,2023-08-23,Howard,plate__3,8.035833333333333,8.13525,5.073353290089367,5.097617609771699
2023-09-14_plate_2.csv,2023-09-14,Howard,plate__2,5.483833333333333,5.636333333333334,3.2179397653364075,3.3763742880986007
2023-09-28_plate_6.csv,2023-09-28,Howard,plate__6,8.068,7.851750000000002,4.62512513835621,4.624037848323397
2023-09-14_plate_5.csv,2023-09-14,Howard,plate__5,7.313916666666665,7.205750000000001,3.589382561700887,3.625736818533955
2023-09-28_plate_1.csv,2023-09-28,Howard,plate__1,7.3940833333333345,7.491916666666666,4.572747800499138,4.662539796726738
2023-09-07_plate_6.csv,2023-09-07,Howard,plate__6,7.532583333333334,7.872000000000001,4.774691659884406,4.946338645907698
2023-10-04_plate_2.csv,2023-10-04,Howard,plate__2,3.854833333333333,3.995416666666667,1.6680061496144176,1.5999342860558272
2023-08-08_plate_2.csv,2023-08-08,Howard,plate__2,5.157166666666667,4.987583333333333,2.4588130851853682,2.333257202762358
2023-09-13_plate_7.csv,2023-09-13,Howard,plate__7,6.8565000000000005,6.749916666666665,3.7967226896124746,4.002200337049457
2023-08-08_plate_5.csv,2023-08-08,Howard,plate__5,5.741916666666666,5.59625,3.0133351640011874,2.937382295514154
2023-09-07_plate_1.csv,2023-09-07,Howard,plate__1,7.458583333333333,7.555583333333334,4.578352511515138,4.5416353774290545
2023-10-04_plate_5.csv,2023-10-04,Howard,plate__5,7.845749999999999,7.578,4.330177303214353,4.203677070029394
2023-11-27_plate_5.csv,2023-11-27,Howard,plate__5,6.51175,6.457250000000001,4.287682869145483,4.284673343335628
2023-08-18_plate_5.csv,2023-08-18,Howard,plate__5,5.4785,5.5304166666666665,3.317586321408985,3.222240594209206
2023-10-14_plate_5.csv,2023-10-14,Howard,plate__5,6.1765,6.138333333333333,3.2843175712910146,3.358763174236323
2023-10-14_plate_2.csv,2023-10-14,Howard,plate__2,4.905749999999999,4.763583333333334,2.2252621959915397,2.183484432083617
2023-11-27_plate_2.csv,2023-11-27,Howard,plate__2,7.036333333333332,7.074000000000002,4.187028721557987,4.313794806937812
2023-08-18_plate_2.csv,2023-08-18,Howard,plate__2,5.813916666666667,5.815583333333333,2.801295397046722,2.818546319658523
2023-11-07_plate_1.csv,2023-11-07,Howard,plate__1,6.422999999999999,6.725416666666667,4.126587209789707,4.401586851421436
2023-09-14_plate_8.csv,2023-09-14,Howard,plate__8,6.930916666666666,7.267416666666666,4.7258182256107935,5.060678511071835
2023-08-23_plate_7.csv,2023-08-23,Howard,plate__7,6.007750000000001,5.770499999999999,3.12241130960731,3.0480704925038604
2023-12-24_plate_7.csv,2023-12-24,Howard,plate__7,7.985500000000002,8.159083333333333,5.051041611750626,5.356783863108592
2023-11-07_plate_6.csv,2023-11-07,Howard,plate__6,6.792750000000001,6.728083333333333,3.7787283605370834,3.608923573042328
2023-09-14_plate_6.csv,2023-09-14,Howard,plate__6,6.488333333333332,6.498166666666666,3.6347341114043075,3.6821461586055126
2023-09-28_plate_2.csv,2023-09-28,Howard,plate__2,6.52325,6.253583333333332,3.918126758472031,3.7500561319031274
2023-09-14_plate_1.csv,2023-09-14,Howard,plate__1,8.335083333333333,8.230583333333334,5.147360302459245,5.209327027873497
2023-09-28_plate_5.csv,2023-09-28,Howard,plate__5,7.607499999999999,7.597083333333334,4.78944556479994,4.6999499505716855
2023-11-27_plate_8.csv,2023-11-27,Howard,plate__8,8.2935,8.189166666666667,5.031764420341853,4.975816567675251
2023-09-13_plate_3.csv,2023-09-13,Howard,plate__3,6.846166666666666,6.822416666666666,3.986419328245093,4.066941255322288
2023-10-14_plate_8.csv,2023-10-14,Howard,plate__8,9.139750000000001,9.320666666666666,6.648548619811695,6.6872205713358195
2023-09-07_plate_2.csv,2023-09-07,Howard,plate__2,7.7435,7.714583333333334,5.937815691129035,5.95357120418773
2023-10-04_plate_6.csv,2023-10-04,Howard,plate__6,7.063333333333333,7.17925,4.923496564865505,4.945238943119478
2023-09-07_plate_5.csv,2023-09-07,Howard,plate__5,3.951083333333333,3.948333333333333,1.4354072883099533,1.502976702978782
2023-10-04_plate_1.csv,2023-10-04,Howard,plate__1,7.592083333333331,7.8414166666666665,4.429061658437646,4.453609679152678
2023-08-08_plate_1.csv,2023-08-08,Howard,plate__1,9.737833333333334,9.8055,6.583936689651058,6.816081965736354
2023-09-13_plate_4.csv,2023-09-13,Howard,plate__4,7.049999999999998,6.825499999999999,4.366467180268693,4.2524780689937405
2023-10-14_plate_1.csv,2023-10-14,Howard,plate__1,6.222916666666669,6.333166666666667,3.822685264155013,4.058610707962501
2023-11-27_plate_1.csv,2023-11-27,Howard,plate__1,6.12425,6.244999999999998,3.7094433330230414,3.7108976615564937
2023-08-18_plate_1.csv,2023-08-18,Howard,plate__1,9.472166666666665,9.364416666666669,6.664153493721373,6.443798646173253
2023-11-27_plate_6.csv,2023-11-27,Howard,plate__6,5.875333333333334,5.7917499999999995,2.8025258196307434,2.7214709633845913
2023-10-14_plate_6.csv,2023-10-14,Howard,plate__6,7.400166666666666,7.376916666666667,4.406351074061029,4.47537481331977
2023-10-29_plate_6.csv,2023-10-29,Howard,plate__6,5.173749999999999,5.181666666666667,3.1308793456907162,3.048966362357558
2023-09-16_plate_6.csv,2023-09-16,Howard,plate__6,8.710083333333335,8.279166666666667,5.080553646607878,4.665652226320528
2023-11-15_plate_6.csv,2023-11-15,Howard,plate__6,8.327833333333333,8.22375,5.5779435577400145,5.5205606125893345
2023-11-15_plate_1.csv,2023-11-15,Howard,plate__1,7.768916666666666,7.697749999999999,5.340417288059619,5.131249787952604
2023-10-29_plate_1.csv,2023-10-29,Howard,plate__1,8.008249999999999,8.258666666666667,5.053441475865729,5.280489290919465
2023-09-16_plate_1.csv,2023-09-16,Howard,plate__1,7.910333333333333,7.922166666666667,4.570497831116697,4.619067710604761
2023-08-12_plate_4.csv,2023-08-12,Howard,plate__4,7.46625,7.465000000000001,4.995104714982095,4.850777107377183
2023-09-09_plate_1.csv,2023-09-09,Howard,plate__1,6.959416666666666,7.112583333333333,4.008548126608103,4.049341415775552
2023-08-12_plate_3.csv,2023-08-12,Howard,plate__3,9.423416666666666,9.611749999999999,5.650137270389315,5.933841667235331
2023-10-29_plate_8.csv,2023-10-29,Howard,plate__8,6.222666666666665,6.402833333333334,4.251293991958284,4.16755611476282
2023-09-09_plate_6.csv,2023-09-09,Howard,plate__6,6.53375,6.399083333333333,3.180531091300205,3.2030191001710566
2023-11-15_plate_8.csv,2023-11-15,Howard,plate__8,9.0255,8.856416666666666,5.287139998490334,5.349092777086483
2023-09-26_plate_1.csv,2023-09-26,Howard,plate__1,7.149166666666667,7.142333333333332,3.5986375410028657,3.540458812930975
2023-10-25_plate_5.csv,2023-10-25,Howard,plate__5,4.985333333333334,4.9519166666666665,2.2598306587133044,2.161291972969928
2023-08-15_plate_1.csv,2023-08-15,Howard,plate__1,5.199916666666666,5.134000000000001,3.1599903181190383,3.072801682799946
2023-12-21_plate_2.csv,2023-12-21,Howard,plate__2,4.258333333333333,4.281333333333333,2.1938618641081025,2.1893783398836106
2023-09-26_plate_6.csv,2023-09-26,Howard,plate__6,9.074666666666666,8.91,6.410601196219407,6.000979056484336
2023-10-25_plate_2.csv,2023-10-25,Howard,plate__2,8.118333333333334,8.049999999999999,5.571162916521491,5.405784410324657
2023-12-25_plate_3.csv,2023-12-25,Howard,plate__3,6.8400000000000025,6.807333333333333,4.490189912970882,4.470562163823031
2023-10-06_plate_1.csv,2023-10-06,Howard,plate__1,6.307833333333334,6.246416666666668,3.54211808317446,3.664472514647376
2023-12-02_plate_1.csv,2023-12-02,Howard,plate__1,8.558083333333334,8.986333333333333,5.502654325758423,5.519527554441813
2023-12-25_plate_4.csv,2023-12-25,Howard,plate__4,8.95475,9.040833333333333,6.629172224822918,6.650570280856075
2023-11-27_plate_7.csv,2023-11-27,Howard,plate__7,9.317083333333333,9.469249999999999,5.133311893156722,5.336534066312056
2023-10-14_plate_7.csv,2023-10-14,Howard,plate__7,9.671166666666666,9.398833333333334,5.888118187322567,5.874380320639373
2023-09-07_plate_4.csv,2023-09-07,Howard,plate__4,7.249416666666666,7.295916666666667,3.6408747315179713,3.8201055782252773
2023-09-13_plate_5.csv,2023-09-13,Howard,plate__5,7.878166666666665,7.529083333333335,5.00167800630827,4.956007712561563
2023-09-13_plate_2.csv,2023-09-13,Howard,plate__2,5.908666666666666,5.94275,3.111522992576679,2.9698930842402693
2023-09-07_plate_3.csv,2023-09-07,Howard,plate__3,7.699166666666667,7.790666666666667,5.141284024856284,5.262239314784212
2023-09-28_plate_4.csv,2023-09-28,Howard,plate__4,6.217083333333332,6.257750000000001,3.8133277630945757,3.8584809569900105
2023-09-14_plate_7.csv,2023-09-14,Howard,plate__7,4.96725,4.987416666666666,2.342539652327634,2.5118778726223328
2023-09-28_plate_3.csv,2023-09-28,Howard,plate__3,8.035499999999999,8.326666666666666,5.001203518790615,5.1051474439277875
2023-08-23_plate_8.csv,2023-08-23,Howard,plate__8,6.794833333333334,6.9594999999999985,4.076055553937885,4.156507373439212
2023-11-13_plate_6.csv,2023-11-13,Howard,plate__6,7.9656666666666665,8.378416666666668,5.5100744481578845,5.664335658042318
2023-08-23_plate_6.csv,2023-08-23,Howard,plate__6,7.647166666666667,7.688416666666666,5.111782696216002,4.977254143662553
2023-12-24_plate_6.csv,2023-12-24,Howard,plate__6,7.426750000000001,7.5165,4.570347850795684,4.541336257094382
2023-11-07_plate_7.csv,2023-11-07,Howard,plate__7,6.712,6.66525,3.853524007026201,3.7256700953104946
2023-12-24_plate_1.csv,2023-12-24,Howard,plate__1,10.391666666666667,10.474666666666666,7.426390146367252,7.550005675293873
2023-11-13_plate_1.csv,2023-11-13,Howard,plate__1,7.786583333333333,7.9472499999999995,4.360854846520834,4.366312926048912
2023-08-23_plate_1.csv,2023-08-23,Howard,plate__1,7.297333333333334,7.679833333333332,4.161620080806236,4.499485159100949
2023-12-25_plate_5.csv,2023-12-25,Howard,plate__5,3.9157499999999996,3.860333333333333,2.0878714312994378,2.1145523632602945
2023-12-25_plate_2.csv,2023-12-25,Howard,plate__2,8.373833333333334,8.202,5.80240128713705,5.708768359446561
2023-12-21_plate_3.csv,2023-12-21,Howard,plate__3,3.8692499999999996,3.9299166666666667,1.6762587739584622,1.778737215929698
2023-09-26_plate_7.csv,2023-09-26,Howard,plate__7,8.147083333333335,7.8023333333333325,4.5771612373199435,4.510291430481936
2023-10-25_plate_3.csv,2023-10-25,Howard,plate__3,6.7450833333333335,6.936749999999999,4.229886533151136,4.319091636928049
2023-12-21_plate_4.csv,2023-12-21,Howard,plate__4,7.7192500000000015,7.572916666666668,5.195656247377139,4.972435391203889
2023-10-25_plate_4.csv,2023-10-25,Howard,plate__4,6.3607499999999995,6.518416666666667,3.3487341740099077,3.3813608196145295
2023-12-09_plate_1.csv,2023-12-09,Howard,plate__1,8.167333333333334,8.323166666666667,5.298012497554382,5.0251335185035515
2023-08-12_plate_2.csv,2023-08-12,Howard,plate__2,7.311083333333333,7.0835833333333325,4.6781426667648836,4.492714940643218
2023-09-09_plate_7.csv,2023-09-09,Howard,plate__7,6.656749999999999,6.589166666666667,3.6742947158728176,3.7914139562805307
2023-08-21_plate_1.csv,2023-08-21,Howard,plate__1,5.99625,5.945583333333334,2.5783307893074756,2.5202176478281078
2023-08-12_plate_5.csv,2023-08-12,Howard,plate__5,8.28525,8.243833333333333,5.836057933617988,5.770514800310806
2023-10-29_plate_7.csv,2023-10-29,Howard,plate__7,7.421500000000001,7.302583333333334,4.633330679092329,4.419948631094614
2023-11-15_plate_7.csv,2023-11-15,Howard,plate__7,6.34675,6.57725,3.5640331119010766,3.623548916462975
2024-07-04_plate_3.csv,2024-07-04,HowardNew,plate__3,4.3035000000000005,4.40075,2.1380108214710405,2.172336995663259
2024-07-04_plate_4.csv,2024-07-04,HowardNew,plate__4,5.286083333333333,5.204083333333333,2.4704426713494576,2.363503734186843
2024-06-27_plate_4.csv,2024-06-27,HowardNew,plate__4,4.300166666666667,4.287999999999999,2.1615810641680073,2.192509355220012
2024-06-27_plate_3.csv,2024-06-27,HowardNew,plate__3,4.46325,4.445250000000001,2.540049216595472,2.6704048765206845
2024-06-13_plate_5.csv,2024-06-13,HowardNew,plate__5,5.907333333333333,5.598333333333334,3.5366046977120282,3.265991630934368
2024-06-07_plate_4.csv,2024-06-07,HowardNew,plate__4,7.190416666666665,7.050916666666667,3.712490378520335,3.6531614567095003
2024-05-17_plate_1.csv,2024-05-17,HowardNew,plate__1,5.599166666666666,5.727333333333333,3.5247428489912775,3.6384382097351335
2024-06-07_plate_3.csv,2024-06-07,HowardNew,plate__3,7.3905,7.216833333333333,3.4857097751195005,3.387225811334357
2024-05-17_plate_6.csv,2024-05-17,HowardNew,plate__6,4.84825,4.709916666666667,2.165198127612848,2.1410722232450534
2024-07-03_plate_8.csv,2024-07-03,HowardNew,plate__8,4.585083333333333,4.668916666666666,2.1238764926569074,2.1694009000531724
2024-06-13_plate_2.csv,2024-06-13,HowardNew,plate__2,3.5117499999999997,3.4484166666666662,1.3293243071712648,1.2669171213714978
2024-07-03_plate_6.csv,2024-07-03,HowardNew,plate__6,5.517666666666667,5.503916666666666,2.5952300067390537,2.6726739235296084
2024-07-30_plate_2.csv,2024-07-30,HowardNew,plate__2,5.463916666666666,5.419916666666666,3.2421111095965998,3.2766298500505706
2024-07-03_plate_1.csv,2024-07-03,HowardNew,plate__1,4.569333333333334,4.466583333333334,2.3175259666421444,2.2234271441069335
2024-07-30_plate_5.csv,2024-07-30,HowardNew,plate__5,5.0921666666666665,5.235666666666666,2.409162201918234,2.5331830258440156
2024-07-02_plate_5.csv,2024-07-02,HowardNew,plate__5,6.4433333333333325,6.497000000000001,3.7913244107935142,3.8510873789100137
2024-06-25_plate_4.csv,2024-06-25,HowardNew,plate__4,3.4025833333333337,3.4633333333333334,1.4583994002350864,1.5253880181975359
2024-07-02_plate_2.csv,2024-07-02,HowardNew,plate__2,6.432416666666668,6.4760833333333325,3.660475464852603,3.5954877898512874
2024-06-25_plate_3.csv,2024-06-25,HowardNew,plate__3,6.894000000000001,6.911416666666667,3.755938667327686,3.8173509724637182
2024-07-06_plate_3.csv,2024-07-06,HowardNew,plate__3,6.143166666666667,6.043166666666667,3.4020524241947974,3.2650907500497754
2024-05-16_plate_2.csv,2024-05-16,HowardNew,plate__2,5.911083333333334,6.0639166666666675,2.9264570406219974,3.1792520120400343
2024-07-12_plate_2.csv,2024-07-12,HowardNew,plate__2,6.880416666666665,6.748833333333334,4.467734497245644,4.209918933215036
2024-07-12_plate_5.csv,2024-07-12,HowardNew,plate__5,2.7222499999999994,2.714583333333333,0.7352092002837141,0.686540266757011
2024-04-16_plate_1.csv,2024-04-16,HowardNew,plate__1,4.876083333333333,4.842833333333334,2.6964927206325333,2.6156175990083916
2024-07-06_plate_4.csv,2024-07-06,HowardNew,plate__4,6.556916666666666,6.664083333333333,3.6522859705403765,3.7360421074698666
2024-04-19_plate_1.csv,2024-04-19,HowardNew,plate__1,7.115416666666668,7.126333333333335,5.034153182527476,4.897426250469514
2024-06-01_plate_2.csv,2024-06-01,HowardNew,plate__2,4.420083333333333,4.376333333333334,3.047846377014233,2.959123621287324
2024-06-01_plate_5.csv,2024-06-01,HowardNew,plate__5,4.3524166666666675,4.2629166666666665,2.537147949902995,2.3875442864367917
2024-04-26_plate_1.csv,2024-04-26,HowardNew,plate__1,5.11575,5.1595,2.1006514628042936,2.1553976009501863
2024-05-29_plate_2.csv,2024-05-29,HowardNew,plate__2,4.9334999999999996,5.015583333333334,2.9022514614441226,3.07131888928795
2024-04-26_plate_6.csv,2024-04-26,HowardNew,plate__6,5.064583333333333,4.934916666666666,2.645957859155025,2.6221651171341507
2024-07-30_plate_4.csv,2024-07-30,HowardNew,plate__4,6.144333333333332,6.206,3.7168124988375655,3.6314736552935245
2024-07-30_plate_3.csv,2024-07-30,HowardNew,plate__3,6.749999999999999,6.591333333333334,4.139666587364911,4.087867889106481
2024-07-03_plate_7.csv,2024-07-03,HowardNew,plate__7,6.442666666666667,6.376333333333332,3.0075818838194226,2.995193523367771
2024-06-07_plate_2.csv,2024-06-07,HowardNew,plate__2,4.2265,4.19025,2.287984603412913,2.3020780385240083
2024-05-17_plate_7.csv,2024-05-17,HowardNew,plate__7,6.304083333333332,6.360833333333332,2.824846269617109,2.9249589844314157
2024-06-13_plate_3.csv,2024-06-13,HowardNew,plate__3,5.858666666666667,5.7508333333333335,2.845312966755657,2.850412532610079
2024-06-13_plate_4.csv,2024-06-13,HowardNew,plate__4,7.199333333333333,7.1578333333333335,4.501546549057705,4.62308682460959
2024-06-07_plate_5.csv,2024-06-07,HowardNew,plate__5,5.179666666666667,5.047916666666666,4.110227583465274,3.8794856842424905
2024-06-27_plate_2.csv,2024-06-27,HowardNew,plate__2,5.4035,5.387416666666667,3.173856315130052,3.2031516995930835
2024-05-23_plate_1.csv,2024-05-23,HowardNew,plate__1,5.5929166666666665,5.613583333333332,2.992204582770288,3.1741306743545996
2024-07-04_plate_5.csv,2024-07-04,HowardNew,plate__5,6.060750000000001,6.227,3.4809737176151265,3.6927347589557526
2024-07-04_plate_2.csv,2024-07-04,HowardNew,plate__2,5.699249999999999,5.693583333333333,2.688670104683388,2.7452298283761345
2024-05-29_plate_3.csv,2024-05-29,HowardNew,plate__3,6.474249999999999,6.5495833333333335,3.8580732385008405,3.8897809814092787
2024-04-26_plate_7.csv,2024-04-26,HowardNew,plate__7,4.637416666666666,4.564333333333333,2.444094234841996,2.4407281824500777
2024-05-29_plate_4.csv,2024-05-29,HowardNew,plate__4,3.963416666666667,3.9435,1.2369410552821116,1.2154694940265227
2024-06-01_plate_4.csv,2024-06-01,HowardNew,plate__4,3.2743333333333333,3.3103333333333325,1.9570406384656556,2.0585986554553135
2024-06-29_plate_1.csv,2024-06-29,HowardNew,plate__1,4.951583333333333,4.9855833333333335,2.1346565599149385,1.994172303047664
2024-06-29_plate_6.csv,2024-06-29,HowardNew,plate__6,4.748500000000001,4.554,2.1945567578981326,2.041728234074795
2024-06-01_plate_3.csv,2024-06-01,HowardNew,plate__3,6.458416666666667,6.335916666666666,3.216604999016349,3.2866620109531226
2024-05-16_plate_4.csv,2024-05-16,HowardNew,plate__4,6.397916666666667,6.4519166666666665,3.701251151074908,3.7405540780218725
2024-07-12_plate_4.csv,2024-07-12,HowardNew,plate__4,5.046083333333333,5.177083333333333,2.179981128289181,2.2243683253835673
2024-07-06_plate_5.csv,2024-07-06,HowardNew,plate__5,4.770833333333333,4.798666666666667,2.3531723977076844,2.412193506987264
2024-07-06_plate_2.csv,2024-07-06,HowardNew,plate__2,5.710500000000001,5.747249999999998,2.67553306498316,2.8223580767925895
2024-05-16_plate_3.csv,2024-05-16,HowardNew,plate__3,3.7926666666666673,3.7886666666666673,1.5073408454103618,1.4556714372870458
2024-07-12_plate_3.csv,2024-07-12,HowardNew,plate__3,7.818916666666667,7.689499999999999,5.53906771706597,5.434967500111912
2024-07-02_plate_3.csv,2024-07-02,HowardNew,plate__3,5.237666666666667,5.0681666666666665,2.72681483630905,2.5810588325277863
2024-06-25_plate_2.csv,2024-06-25,HowardNew,plate__2,6.5545,6.474333333333334,3.600556964491113,3.6968012544835993
2024-07-02_plate_4.csv,2024-07-02,HowardNew,plate__4,6.474583333333335,6.477916666666666,4.365150761914464,4.277217435719658
2024-06-25_plate_5.csv,2024-06-25,HowardNew,plate__5,7.668916666666668,7.4315,4.774369743428937,4.703095238051407
2024-04-26_plate_3.csv,2024-04-26,HowardNew,plate__3,6.835,7.089583333333334,4.185678874013585,4.319495981926455
2024-04-26_plate_4.csv,2024-04-26,HowardNew,plate__4,5.078333333333332,5.1152500000000005,2.636124784373433,2.696212634081707
2024-06-29_plate_5.csv,2024-06-29,HowardNew,plate__5,5.17175,5.253083333333334,3.207597008382103,3.2799985714612556
2024-06-01_plate_7.csv,2024-06-01,HowardNew,plate__7,5.43775,5.333666666666667,2.7392154857317683,2.8603522139552653
2024-06-29_plate_2.csv,2024-06-29,HowardNew,plate__2,5.62425,5.577500000000001,2.702079237281071,2.6457030857943638
2024-04-16_plate_4.csv,2024-04-16,HowardNew,plate__4,3.998583333333333,3.994333333333333,1.3174874474705347,1.32601839650843
2024-07-06_plate_1.csv,2024-07-06,HowardNew,plate__1,4.339999999999999,4.424499999999999,2.345015293611691,2.3924824118285786
2024-04-19_plate_4.csv,2024-04-19,HowardNew,plate__4,5.485416666666667,5.290166666666666,2.6854892379173103,2.5526469624982444
2024-04-16_plate_3.csv,2024-04-16,HowardNew,plate__3,5.237833333333334,5.307166666666666,2.132867844575524,2.136161631326505
2024-07-06_plate_6.csv,2024-07-06,HowardNew,plate__6,4.099166666666666,3.9910833333333335,2.118725252827675,2.1299234070024604
2024-04-19_plate_3.csv,2024-04-19,HowardNew,plate__3,6.273833333333335,6.489083333333334,3.5965387358942595,3.6035308558118215
2024-06-25_plate_6.csv,2024-06-25,HowardNew,plate__6,7.095749999999999,6.975416666666667,3.9866235913478096,4.074871006510141
2024-06-25_plate_1.csv,2024-06-25,HowardNew,plate__1,5.6321666666666665,5.626666666666666,2.924920164670648,2.8880555690112626
2024-07-03_plate_4.csv,2024-07-03,HowardNew,plate__4,6.148500000000001,6.009333333333333,3.1412041263878994,3.193679449200001
2024-07-03_plate_3.csv,2024-07-03,HowardNew,plate__3,6.372166666666666,6.6116666666666655,3.885628341215949,4.061559045340579
2024-06-07_plate_6.csv,2024-06-07,HowardNew,plate__6,4.376083333333333,4.3825,1.9536828373069868,1.984345850537515
2024-05-17_plate_3.csv,2024-05-17,HowardNew,plate__3,4.980166666666666,4.971916666666667,1.833218572165723,1.8051042003835747
2024-06-07_plate_1.csv,2024-06-07,HowardNew,plate__1,3.4941666666666666,3.563083333333333,2.08051090025037,2.058487417248329
2024-05-17_plate_4.csv,2024-05-17,HowardNew,plate__4,5.532666666666667,5.523583333333334,2.7771458970196963,2.7446011950184985
2024-05-23_plate_2.csv,2024-05-23,HowardNew,plate__2,6.902916666666667,6.893249999999998,4.200965461724966,4.27915287124152
2024-07-04_plate_8.csv,2024-07-04,HowardNew,plate__8,4.476249999999999,4.4485,2.0570611041881173,2.142740450069405
2024-06-27_plate_1.csv,2024-06-27,HowardNew,plate__1,5.917749999999999,5.957416666666667,3.6823158504842133,3.6304281855734404
2024-07-04_plate_1.csv,2024-07-04,HowardNew,plate__1,6.7695,6.959999999999998,5.037399825306703,5.2039745125502614
2024-07-04_plate_6.csv,2024-07-04,HowardNew,plate__6,5.275833333333334,5.473999999999999,2.90513209943223,3.0508551409250964
2024-07-02_plate_1.csv,2024-07-02,HowardNew,plate__1,5.334916666666666,5.2668333333333335,3.297429204101372,3.210490215565595
2024-07-02_plate_6.csv,2024-07-02,HowardNew,plate__6,4.697333333333334,4.5874999999999995,2.210603674578645,2.252492538581124
2024-06-25_plate_7.csv,2024-06-25,HowardNew,plate__7,5.399916666666667,5.314000000000001,3.4542475159599015,3.4090180404333443
2024-07-12_plate_6.csv,2024-07-12,HowardNew,plate__6,5.049499999999999,4.976583333333333,2.067626460901045,2.1785201173078828
2024-04-16_plate_2.csv,2024-04-16,HowardNew,plate__2,6.3705,6.263249999999999,3.8965706717574107,3.7923795150754147
2024-07-06_plate_7.csv,2024-07-06,HowardNew,plate__7,2.9926666666666666,3.074,0.7837541745092055,0.7590914425692191
2024-04-19_plate_2.csv,2024-04-19,HowardNew,plate__2,4.620166666666667,4.616583333333334,2.052721954927755,2.0438841124563583
2024-04-16_plate_5.csv,2024-04-16,HowardNew,plate__5,4.44125,4.348916666666667,2.2030483890612693,2.2244738482425794
2024-04-19_plate_5.csv,2024-04-19,HowardNew,plate__5,6.904583333333334,6.886500000000002,4.0830854522782225,4.150273736864725
2024-05-16_plate_1.csv,2024-05-16,HowardNew,plate__1,5.179166666666667,5.183416666666667,2.9041398298833943,2.9389032728161872
2024-07-12_plate_1.csv,2024-07-12,HowardNew,plate__1,5.292,5.0635,2.3332335736250047,2.301021769088285
2024-06-01_plate_6.csv,2024-06-01,HowardNew,plate__6,6.082833333333332,6.126416666666667,3.4863987628114677,3.5549912276667963
2024-06-29_plate_3.csv,2024-06-29,HowardNew,plate__3,5.64075,5.42875,2.8253904034342194,2.721148458246661
2024-06-29_plate_4.csv,2024-06-29,HowardNew,plate__4,5.828333333333333,5.890750000000001,2.952284518603835,2.881318325949867
2024-06-01_plate_1.csv,2024-06-01,HowardNew,plate__1,3.7473333333333336,3.724583333333334,1.5902435681557106,1.6532610451266712
2024-05-29_plate_1.csv,2024-05-29,HowardNew,plate__1,4.820499999999999,4.948333333333333,2.6874982790692163,2.776383106041951
2024-04-26_plate_5.csv,2024-04-26,HowardNew,plate__5,5.761833333333333,5.70225,3.378120667238553,3.211703827763813
2024-06-01_plate_8.csv,2024-06-01,HowardNew,plate__8,5.290583333333333,5.246666666666665,2.390687290236214,2.301572795575524
2024-04-26_plate_2.csv,2024-04-26,HowardNew,plate__2,6.351416666666668,6.2685,3.7102269094621385,3.809352688986793
2024-07-04_plate_7.csv,2024-07-04,HowardNew,plate__7,4.547999999999999,4.668166666666667,3.2862805169923694,3.332581440956254
2024-05-23_plate_4.csv,2024-05-23,HowardNew,plate__4,4.8574166666666665,4.942083333333334,2.5320542310124163,2.587149307225771
2024-05-23_plate_3.csv,2024-05-23,HowardNew,plate__3,4.869166666666667,4.86625,2.1155145015009014,2.144447126247865
2024-05-17_plate_5.csv,2024-05-17,HowardNew,plate__5,5.685416666666668,5.8005,3.5925322914556403,3.7742691887424917
2024-06-13_plate_1.csv,2024-06-13,HowardNew,plate__1,6.450416666666666,6.430666666666668,4.627214407636891,4.640650822956416
2024-05-17_plate_2.csv,2024-05-17,HowardNew,plate__2,7.756166666666668,7.979166666666667,5.292644756183011,5.464853284786557
2024-07-03_plate_2.csv,2024-07-03,HowardNew,plate__2,4.582416666666667,4.542083333333333,2.5742994972448625,2.619787377157763
2024-07-30_plate_1.csv,2024-07-30,HowardNew,plate__1,3.9705,4.023416666666667,1.5002684305271383,1.6045151892158087
2024-07-03_plate_5.csv,2024-07-03,HowardNew,plate__5,6.09975,5.8365,3.9257582272843687,3.737272352446853
2023-03-20_plate_5.csv,2023-03-20,Vilanova,plate__5,6.255583333333333,6.170416666666665,3.534872260989802,3.4083022288719254
2023-12-22_plate_6.csv,2023-12-22,Vilanova,plate__6,7.771166666666667,7.887249999999999,5.324514127783839,5.411718650299552
2023-12-05_plate_3.csv,2023-12-05,Vilanova,plate__3,6.979666666666667,6.905500000000001,4.1926839599329195,3.9784031858386237
2023-12-05_plate_4.csv,2023-12-05,Vilanova,plate__4,7.863499999999999,8.093000000000002,4.9327973347234275,5.057886173635637
2023-03-20_plate_2.csv,2023-03-20,Vilanova,plate__2,5.860416666666666,5.999583333333333,3.2430859450482803,3.4540423342758406
2023-12-22_plate_1.csv,2023-12-22,Vilanova,plate__1,5.941916666666665,5.840833333333335,2.7248887035931753,2.703078912288838
2023-04-27_plate_7.csv,2023-04-27,Vilanova,plate__7,6.349833333333333,6.392333333333333,3.499375108718005,3.536844493287339
2023-03-17_plate_7.csv,2023-03-17,Vilanova,plate__7,6.125333333333333,6.188916666666667,3.9851731189345823,3.9256892263034717
2023-08-09_plate_5.csv,2023-08-09,Vilanova,plate__5,6.989000000000001,7.0263333333333335,5.179325649331019,5.249915087336406
2023-12-01_plate_5.csv,2023-12-01,Vilanova,plate__5,5.755083333333334,5.846583333333334,3.2641587098873326,3.2448752450688465
2023-03-30_plate_2.csv,2023-03-30,Vilanova,plate__2,5.28075,5.204166666666667,3.4248768823259783,3.3374599986253384
2023-12-01_plate_2.csv,2023-12-01,Vilanova,plate__2,6.1777500000000005,6.324333333333333,4.177998697179831,4.232593581274066
2023-03-30_plate_5.csv,2023-03-30,Vilanova,plate__5,6.983499999999999,7.098916666666667,4.173614794700806,4.125795933311939
2023-10-05_plate_2.csv,2023-10-05,Vilanova,plate__2,4.15475,4.2065,1.761105341178452,1.7968295057481867
2023-08-09_plate_2.csv,2023-08-09,Vilanova,plate__2,6.676083333333334,6.941500000000001,4.6894334113725265,4.782789305986053
2023-09-29_plate_1.csv,2023-09-29,Vilanova,plate__1,4.0414166666666675,4.109249999999999,1.616835149764858,1.5927177530589312
2023-04-20_plate_2.csv,2023-04-20,Vilanova,plate__2,6.2075000000000005,6.1255000000000015,4.077111510950771,4.032425651684559
2023-09-29_plate_6.csv,2023-09-29,Vilanova,plate__6,4.555416666666667,4.57225,2.450619530513322,2.4266996714580373
2023-04-20_plate_5.csv,2023-04-20,Vilanova,plate__5,6.543083333333333,6.407333333333335,3.9330035124301475,3.999500590035832
2023-03-14_plate_4.csv,2023-03-14,Vilanova,plate__4,3.81325,3.9014166666666665,1.8616967395362758,1.8974424153836578
2023-03-14_plate_3.csv,2023-03-14,Vilanova,plate__3,6.306916666666666,6.2985,3.776173639553749,3.7633341962583224
2023-04-16_plate_3.csv,2023-04-16,Vilanova,plate__3,6.40675,6.432416666666666,3.7637541491779913,3.677141119212868
2023-11-20_plate_4.csv,2023-11-20,Vilanova,plate__4,6.542333333333333,6.7194166666666675,4.511744357952383,4.751825533572877
2023-08-10_plate_4.csv,2023-08-10,Vilanova,plate__4,4.600416666666667,4.59825,2.3853871977801284,2.3614777393903936
2023-11-20_plate_3.csv,2023-11-20,Vilanova,plate__3,6.505416666666666,6.388249999999999,4.305843818861089,4.237192662493754
2023-08-10_plate_3.csv,2023-08-10,Vilanova,plate__3,6.390833333333334,6.3855,4.202152540031951,4.1749513987372575
2023-04-16_plate_4.csv,2023-04-16,Vilanova,plate__4,4.711333333333333,4.738666666666666,2.3204491075233817,2.2949335634405763
2023-10-17_plate_2.csv,2023-10-17,Vilanova,plate__2,1.7833333333333334,1.8055833333333335,0.33623647883144636,0.297876563310538
2023-04-09_plate_4.csv,2023-04-09,Vilanova,plate__4,6.525166666666667,6.350666666666668,4.438289388601165,4.325715943545348
2023-04-09_plate_3.csv,2023-04-09,Vilanova,plate__3,4.897749999999999,4.7684999999999995,2.7096291636579077,2.725581956206784
2023-12-20_plate_1.csv,2023-12-20,Vilanova,plate__1,5.137333333333333,5.083333333333333,2.7901534768256786,2.7159400627116983
2023-10-17_plate_5.csv,2023-10-17,Vilanova,plate__5,4.04775,3.886083333333333,2.0712381507863182,2.0145795617463365
2023-10-23_plate_3.csv,2023-10-23,Vilanova,plate__3,5.572583333333333,5.672916666666667,3.523832352279219,3.6945047019085306
2023-11-04_plate_2.csv,2023-11-04,Vilanova,plate__2,4.6025833333333335,4.558916666666667,2.6156796599227,2.59815964441733
2023-11-10_plate_3.csv,2023-11-10,Vilanova,plate__3,5.5485,5.677083333333332,3.3296794959056566,3.3716275125424713
2023-04-01_plate_1.csv,2023-04-01,Vilanova,plate__1,5.7015,5.65925,3.179257960879894,3.084802340065361
2023-11-10_plate_4.csv,2023-11-10,Vilanova,plate__4,5.302583333333334,5.311083333333333,2.815648850082286,2.9603697391414205
2023-04-01_plate_6.csv,2023-04-01,Vilanova,plate__6,6.40175,6.543499999999999,3.921912685621184,4.066828639347641
2023-10-23_plate_4.csv,2023-10-23,Vilanova,plate__4,4.759916666666666,4.63775,3.0565126729161407,3.0047678514169927
2023-11-04_plate_5.csv,2023-11-04,Vilanova,plate__5,6.1946666666666665,6.1634166666666665,3.843013101326835,3.810948234622152
2023-12-10_plate_1.csv,2023-12-10,Vilanova,plate__1,6.180250000000001,6.010416666666667,4.119851147465491,3.90250365926876
2023-03-21_plate_6.csv,2023-03-21,Vilanova,plate__6,5.211250000000001,5.002333333333333,3.3290109676489914,3.0812190720065606
2023-11-28_plate_1.csv,2023-11-28,Vilanova,plate__1,6.971250000000001,7.043083333333333,4.44778061356039,4.4712871536735435
2023-08-17_plate_1.csv,2023-08-17,Vilanova,plate__1,5.7035833333333334,5.588583333333333,3.7997773250148446,3.8018348311484194
2023-12-10_plate_6.csv,2023-12-10,Vilanova,plate__6,6.803916666666667,6.8174166666666665,4.000539769452329,3.921369530205518
2023-03-21_plate_1.csv,2023-03-21,Vilanova,plate__1,4.895416666666667,4.992083333333334,2.7716751894947222,2.733625879115446
2023-12-16_plate_1.csv,2023-12-16,Vilanova,plate__1,5.945666666666667,5.740500000000001,3.5006472475122585,3.5263219700367174
2023-03-14_plate_2.csv,2023-03-14,Vilanova,plate__2,5.31975,5.319499999999999,2.411952250582691,2.4877917736601085
2023-04-20_plate_4.csv,2023-04-20,Vilanova,plate__4,4.016333333333333,3.9515,2.4895517790570376,2.4470277889717558
2023-09-29_plate_7.csv,2023-09-29,Vilanova,plate__7,6.439083333333333,6.411583333333334,3.914058378770588,4.017709579493212
2023-04-20_plate_3.csv,2023-04-20,Vilanova,plate__3,6.4265,6.370166666666666,3.6911443285985786,3.723590345433566
2023-12-01_plate_3.csv,2023-12-01,Vilanova,plate__3,8.439416666666666,8.412333333333333,4.9008223699207,4.881434407916169
2023-03-30_plate_4.csv,2023-03-30,Vilanova,plate__4,6.108833333333332,6.3625,3.8371243454472834,4.211437446245208
2023-10-05_plate_3.csv,2023-10-05,Vilanova,plate__3,5.329916666666667,5.408833333333334,2.9079533402012965,2.9008554798802915
2023-04-27_plate_1.csv,2023-04-27,Vilanova,plate__1,5.6732499999999995,5.602083333333333,3.183041145165764,3.239995888278349
2023-03-17_plate_1.csv,2023-03-17,Vilanova,plate__1,5.207333333333334,5.23075,2.943668222823456,3.037125079742354
2023-08-09_plate_3.csv,2023-08-09,Vilanova,plate__3,6.048666666666667,6.183333333333334,3.449023506953113,3.4336967709964603
2023-04-27_plate_6.csv,2023-04-27,Vilanova,plate__6,5.158833333333333,5.168916666666666,2.74623298466474,2.779255866997932
2023-03-17_plate_6.csv,2023-03-17,Vilanova,plate__6,4.901083333333334,5.021916666666667,2.991021061848987,3.051092098318935
2023-08-09_plate_4.csv,2023-08-09,Vilanova,plate__4,3.980916666666667,3.9915833333333333,2.118364912264917,2.116903418518033
2023-12-01_plate_4.csv,2023-12-01,Vilanova,plate__4,6.587500000000001,6.537583333333333,4.108542375897497,4.02611713369624
2023-03-30_plate_3.csv,2023-03-30,Vilanova,plate__3,4.2964166666666666,4.417166666666666,2.4870522331881295,2.5847698273939326
2023-10-05_plate_4.csv,2023-10-05,Vilanova,plate__4,4.726166666666667,4.817583333333332,2.414762394986808,2.466535975755669
2023-03-20_plate_3.csv,2023-03-20,Vilanova,plate__3,4.097833333333333,3.975,2.333833048221251,2.2888064376637245
2023-03-20_plate_4.csv,2023-03-20,Vilanova,plate__4,4.3245,4.355916666666666,2.246373177934925,2.394185701703697
2023-12-05_plate_2.csv,2023-12-05,Vilanova,plate__2,6.312166666666666,6.452583333333333,3.302585236208786,3.45164431061048
2023-12-10_plate_7.csv,2023-12-10,Vilanova,plate__7,3.6392500000000005,3.637916666666667,1.4535417012499943,1.442196459844455
2023-11-10_plate_5.csv,2023-11-10,Vilanova,plate__5,6.156666666666667,5.946083333333334,3.505750272009826,3.5036355263518995
2023-08-13_plate_1.csv,2023-08-13,Vilanova,plate__1,5.0402499999999995,4.790333333333333,2.7439178733071707,2.5820411000648775
2023-04-01_plate_7.csv,2023-04-01,Vilanova,plate__7,7.187083333333334,7.323916666666666,3.7591632642078343,3.765295653207143
2023-10-23_plate_5.csv,2023-10-23,Vilanova,plate__5,6.0680000000000005,6.13675,3.73675211428807,3.6305144169687833
2023-10-10_plate_1.csv,2023-10-10,Vilanova,plate__1,6.098,6.14275,3.6953321169477387,3.848246498554422
2023-11-04_plate_4.csv,2023-11-04,Vilanova,plate__4,4.297833333333333,4.334916666666667,2.38336755008284,2.3786646543552092
2023-10-23_plate_2.csv,2023-10-23,Vilanova,plate__2,5.8925833333333335,6.119000000000001,2.789248235581941,2.923440314548473
2023-11-04_plate_3.csv,2023-11-04,Vilanova,plate__3,6.954750000000001,6.9955,3.3560339451365944,3.284689621424056
2023-11-10_plate_2.csv,2023-11-10,Vilanova,plate__2,4.257333333333333,4.264333333333334,1.893051088650918,1.912839361849924
2023-08-13_plate_6.csv,2023-08-13,Vilanova,plate__6,6.204583333333335,6.234083333333333,3.5979807584086365,3.6097594847688663
2023-04-09_plate_2.csv,2023-04-09,Vilanova,plate__2,6.707,6.675916666666667,3.970340562447783,4.168561741467222
2023-10-17_plate_4.csv,2023-10-17,Vilanova,plate__4,6.514833333333333,6.7375,4.710863361005137,4.883737009895003
2023-10-17_plate_3.csv,2023-10-17,Vilanova,plate__3,7.054333333333335,7.032249999999999,4.680929265421428,4.647262872330923
2023-04-09_plate_5.csv,2023-04-09,Vilanova,plate__5,5.380916666666667,5.454750000000001,3.2483124698087695,3.4001812551953488
2023-11-20_plate_2.csv,2023-11-20,Vilanova,plate__2,5.6385000000000005,5.759583333333333,4.029482269924557,4.202794058898812
2023-08-10_plate_2.csv,2023-08-10,Vilanova,plate__2,4.105583333333334,4.133916666666667,1.942429474949223,2.0016150959723107
2023-04-16_plate_5.csv,2023-04-16,Vilanova,plate__5,6.036666666666666,5.978333333333333,3.370754523931706,3.2253844966941774
2023-04-16_plate_2.csv,2023-04-16,Vilanova,plate__2,4.6738333333333335,4.6978333333333335,2.5393840997495056,2.689112047881346
2023-11-20_plate_5.csv,2023-11-20,Vilanova,plate__5,7.037083333333334,6.977999999999999,3.8825747422023795,3.978543086471364
2023-08-10_plate_5.csv,2023-08-10,Vilanova,plate__5,5.375333333333334,5.450166666666667,3.3946713144770486,3.418847169689948
2023-08-23_plate_1.csv,2023-08-23,Vilanova,plate__1,6.034583333333334,6.080666666666666,3.378755431390605,3.38334351394199
2023-11-10_plate_8.csv,2023-11-10,Vilanova,plate__8,8.4685,8.184666666666667,5.316849468691705,5.128217559087498
2023-03-21_plate_4.csv,2023-03-21,Vilanova,plate__4,6.7956666666666665,6.494833333333335,4.148470722246131,4.012070624623861
2023-12-10_plate_3.csv,2023-12-10,Vilanova,plate__3,6.881250000000001,7.018583333333335,3.8443157595456316,3.886405898848712
2023-11-28_plate_3.csv,2023-11-28,Vilanova,plate__3,6.726999999999999,7.0135000000000005,4.089894619669313,4.254006549979998
2023-08-17_plate_3.csv,2023-08-17,Vilanova,plate__3,6.788250000000001,6.696333333333334,3.676738231466482,3.6456375507605183
2023-11-28_plate_4.csv,2023-11-28,Vilanova,plate__4,5.914750000000001,6.079916666666666,3.485669418555716,3.6042783531477838
2023-08-17_plate_4.csv,2023-08-17,Vilanova,plate__4,5.345750000000002,5.09675,3.311214584216383,3.1778546258013867
2023-03-21_plate_3.csv,2023-03-21,Vilanova,plate__3,3.608,3.5347500000000003,2.746165061582159,2.738385626771564
2023-12-10_plate_4.csv,2023-12-10,Vilanova,plate__4,5.583416666666667,5.431916666666666,3.0905881599207654,2.906800598544209
2023-10-23_plate_1.csv,2023-10-23,Vilanova,plate__1,4.2115,4.338,2.624108974316979,2.7830076274680695
2023-11-10_plate_1.csv,2023-11-10,Vilanova,plate__1,6.110416666666668,6.089333333333333,3.4723043817754466,3.497698758621246
2023-08-13_plate_5.csv,2023-08-13,Vilanova,plate__5,5.86625,5.894583333333333,4.330500939425327,4.412514773775594
2023-04-01_plate_3.csv,2023-04-01,Vilanova,plate__3,4.614166666666668,4.481333333333333,3.6341433111616013,3.438960634032359
2023-11-10_plate_6.csv,2023-11-10,Vilanova,plate__6,4.28075,4.174666666666666,2.487148755466424,2.384834407566939
2023-08-13_plate_2.csv,2023-08-13,Vilanova,plate__2,5.460416666666667,5.384083333333334,3.50168467139444,3.379306503851004
2023-04-01_plate_4.csv,2023-04-01,Vilanova,plate__4,5.685,5.73125,3.6369738169877643,3.6151866574468627
2023-10-10_plate_2.csv,2023-10-10,Vilanova,plate__2,6.194333333333334,6.31625,3.7381364908524173,3.8461850313595867
2023-10-23_plate_6.csv,2023-10-23,Vilanova,plate__6,6.184583333333332,5.920833333333333,3.9907466710409274,3.7893328948350247
2023-11-04_plate_7.csv,2023-11-04,Vilanova,plate__7,5.095416666666667,5.0698333333333325,3.3443056748703004,3.422275634011895
2023-12-20_plate_4.csv,2023-12-20,Vilanova,plate__4,6.085999999999999,5.980666666666667,3.6084246121844066,3.5744540926701047
2023-04-09_plate_1.csv,2023-04-09,Vilanova,plate__1,5.40125,5.39725,3.2176822580292734,3.1021281294972622
2023-12-20_plate_3.csv,2023-12-20,Vilanova,plate__3,6.043,6.314416666666669,4.62015656956263,4.8039764676271215
2023-10-17_plate_7.csv,2023-10-17,Vilanova,plate__7,5.678833333333333,5.7861666666666665,3.228977429841256,3.334059792050781
2023-04-16_plate_1.csv,2023-04-16,Vilanova,plate__1,7.588666666666668,7.752749999999999,4.305516975258886,4.369220694502937
2023-11-20_plate_6.csv,2023-11-20,Vilanova,plate__6,5.71525,5.7932500000000005,2.7417597244039524,2.864708810364819
2023-08-23_plate_2.csv,2023-08-23,Vilanova,plate__2,5.03275,5.0705,2.944820109492722,3.1128300336160053
2023-08-10_plate_6.csv,2023-08-10,Vilanova,plate__6,5.170583333333333,5.164000000000001,3.159692719764587,3.138029288929888
2023-11-20_plate_1.csv,2023-11-20,Vilanova,plate__1,7.239750000000001,7.1695,4.791655571265151,4.859220859730124
2023-08-23_plate_5.csv,2023-08-23,Vilanova,plate__5,6.260416666666667,6.362333333333332,3.976387384145046,3.924423022637348
2023-08-10_plate_1.csv,2023-08-10,Vilanova,plate__1,5.895916666666667,5.919833333333333,2.994449788839143,2.9565311318051997
2023-04-16_plate_6.csv,2023-04-16,Vilanova,plate__6,5.542750000000001,5.550999999999999,3.451405118999296,3.5715849041108805
2023-03-14_plate_1.csv,2023-03-14,Vilanova,plate__1,4.98425,4.977333333333333,2.982099965552036,2.9914146952216236
2023-12-16_plate_2.csv,2023-12-16,Vilanova,plate__2,6.587333333333333,6.5843333333333325,3.4300175810133404,3.611182640161815
2023-09-29_plate_3.csv,2023-09-29,Vilanova,plate__3,4.409583333333334,4.267499999999999,2.7015821781229445,2.711870253667618
2023-09-29_plate_4.csv,2023-09-29,Vilanova,plate__4,6.305666666666666,6.3940833333333345,3.8989260836877384,3.9427390215970726
2023-04-27_plate_5.csv,2023-04-27,Vilanova,plate__5,5.10175,5.043166666666667,2.609464177844667,2.5061535842559186
2023-03-17_plate_5.csv,2023-03-17,Vilanova,plate__5,6.323166666666668,6.523583333333332,4.281059317363854,4.358932301677334
2023-03-30_plate_7.csv,2023-03-30,Vilanova,plate__7,3.7495833333333337,3.672916666666667,2.02026638470067,1.9019906537545594
2023-04-27_plate_2.csv,2023-04-27,Vilanova,plate__2,6.246833333333335,6.295416666666667,3.7023863271073583,3.7023110094380325
2023-03-17_plate_2.csv,2023-03-17,Vilanova,plate__2,6.828666666666668,6.739,3.9949985853526533,4.049268777984938
2023-12-22_plate_4.csv,2023-12-22,Vilanova,plate__4,4.863083333333333,4.81975,2.648307742977608,2.5743661576466472
2023-12-05_plate_1.csv,2023-12-05,Vilanova,plate__1,7.126249999999999,7.193083333333334,4.9834574001481045,5.129909186832796
2023-12-22_plate_3.csv,2023-12-22,Vilanova,plate__3,4.865666666666667,4.84625,2.9654914458064985,2.9709157181827717
2023-08-23_plate_4.csv,2023-08-23,Vilanova,plate__4,4.10925,4.199249999999999,2.412896604234685,2.398252588296889
2023-11-20_plate_7.csv,2023-11-20,Vilanova,plate__7,4.826416666666667,4.650666666666667,2.332314669957073,2.327981229748343
2023-08-10_plate_7.csv,2023-08-10,Vilanova,plate__7,6.801249999999999,7.0402499999999995,4.879261570901147,4.901529540960565
2023-08-23_plate_3.csv,2023-08-23,Vilanova,plate__3,7.027250000000001,7.294083333333334,4.73558759193715,4.799490170998911
2023-10-17_plate_8.csv,2023-10-17,Vilanova,plate__8,3.8729999999999998,3.8404166666666666,2.166887713665931,2.1540380033084303
2023-12-20_plate_2.csv,2023-12-20,Vilanova,plate__2,5.634666666666667,5.624916666666667,3.264613309506359,3.310328065542017
2023-10-17_plate_6.csv,2023-10-17,Vilanova,plate__6,5.65925,5.400916666666666,3.334002757401924,3.1438108449440594
2023-12-20_plate_5.csv,2023-12-20,Vilanova,plate__5,4.358583333333334,4.36675,2.4211743753931905,2.340072847545174
2023-10-17_plate_1.csv,2023-10-17,Vilanova,plate__1,4.651416666666666,4.677499999999999,2.27847913623154,2.351459334115732
2023-11-10_plate_7.csv,2023-11-10,Vilanova,plate__7,6.762250000000002,6.748250000000001,3.828778944330092,3.7146283583837953
2023-08-13_plate_3.csv,2023-08-13,Vilanova,plate__3,7.658333333333334,7.615666666666666,4.969044984763778,5.237792167304732
2023-04-01_plate_5.csv,2023-04-01,Vilanova,plate__5,5.372916666666668,5.294416666666666,3.166544272355572,3.0334056905289364
2023-10-10_plate_3.csv,2023-10-10,Vilanova,plate__3,3.7770833333333336,3.854083333333333,1.7104371827286164,1.738772265831337
2023-11-04_plate_6.csv,2023-11-04,Vilanova,plate__6,4.734583333333333,4.6515,2.0342438156511995,1.9996031197124184
2023-10-10_plate_4.csv,2023-10-10,Vilanova,plate__4,4.9845,4.910416666666666,2.926295408563841,2.9816086097130774
2023-11-04_plate_1.csv,2023-11-04,Vilanova,plate__1,5.8382499999999995,5.913583333333334,3.7032514000291936,3.905899092359782
2023-08-13_plate_4.csv,2023-08-13,Vilanova,plate__4,6.384,6.466583333333335,3.4462565197616972,3.5441959072246383
2023-04-01_plate_2.csv,2023-04-01,Vilanova,plate__2,5.566166666666667,5.676333333333333,3.338267346811498,3.3758498817693927
2023-11-28_plate_5.csv,2023-11-28,Vilanova,plate__5,7.491916666666666,7.399166666666667,4.882615868537783,4.817179594163398
2023-08-17_plate_5.csv,2023-08-17,Vilanova,plate__5,6.443749999999999,6.285083333333334,3.7110950877065925,3.7244178180399325
2023-03-21_plate_2.csv,2023-03-21,Vilanova,plate__2,6.971,6.808416666666665,3.820447522572097,3.5816796582389134
2023-12-10_plate_5.csv,2023-12-10,Vilanova,plate__5,5.947166666666667,5.8901666666666666,3.1355265132273265,3.1144304844424195
2023-03-21_plate_5.csv,2023-03-21,Vilanova,plate__5,4.997,5.180916666666667,2.784837452413271,2.967185671744534
2023-12-10_plate_2.csv,2023-12-10,Vilanova,plate__2,6.897833333333334,6.911166666666667,4.279682503800175,4.249996766487183
2023-11-28_plate_2.csv,2023-11-28,Vilanova,plate__2,6.2435,6.459916666666668,3.1946719137281745,3.3232448671395995
2023-08-17_plate_2.csv,2023-08-17,Vilanova,plate__2,5.21975,5.256583333333333,3.149396309395876,3.1504167821917073
2023-12-22_plate_2.csv,2023-12-22,Vilanova,plate__2,4.017,4.048083333333333,2.584493373951653,2.5688462729876274
2023-03-20_plate_1.csv,2023-03-20,Vilanova,plate__1,4.419833333333334,4.322083333333333,2.051027096728649,2.0721430039425077
2023-12-22_plate_5.csv,2023-12-22,Vilanova,plate__5,5.181416666666666,5.119666666666666,2.5442632603327016,2.493258923699274
2023-03-30_plate_6.csv,2023-03-30,Vilanova,plate__6,5.327833333333333,5.348916666666667,3.3460434391934744,3.4148524913792087
2023-12-01_plate_1.csv,2023-12-01,Vilanova,plate__1,6.285333333333334,6.313416666666666,3.4956100347652503,3.4677831131281796
2023-10-05_plate_1.csv,2023-10-05,Vilanova,plate__1,7.42025,7.205916666666667,4.396061669784155,4.217912397433622
2023-04-27_plate_3.csv,2023-04-27,Vilanova,plate__3,4.712583333333333,4.948250000000001,2.678329379510951,2.7003385015081482
2023-08-09_plate_1.csv,2023-08-09,Vilanova,plate__1,5.5285,5.472083333333333,3.5414245592827345,3.4822372499804652
2023-03-17_plate_3.csv,2023-03-17,Vilanova,plate__3,7.265833333333333,7.105166666666666,3.8469426546127234,3.8588236981408377
2023-04-27_plate_4.csv,2023-04-27,Vilanova,plate__4,5.006749999999999,5.054166666666666,2.963989759674373,3.0260731479872884
2023-08-09_plate_6.csv,2023-08-09,Vilanova,plate__6,5.07525,5.162,2.0116282471036877,2.1122547194881585
2023-03-17_plate_4.csv,2023-03-17,Vilanova,plate__4,7.225249999999999,7.384583333333335,4.438612562194715,4.7227867054474855
2023-03-30_plate_1.csv,2023-03-30,Vilanova,plate__1,5.62125,5.491833333333333,3.388291769260192,3.437295153125051
2023-09-29_plate_5.csv,2023-09-29,Vilanova,plate__5,5.797499999999999,5.896583333333333,4.095458160628008,4.123885291992874
2023-04-20_plate_1.csv,2023-04-20,Vilanova,plate__1,5.120666666666666,5.172083333333334,2.349202933814451,2.5027116733049715
2023-09-29_plate_2.csv,2023-09-29,Vilanova,plate__2,5.9063333333333325,5.428583333333333,3.745436067180073,3.5308650616149766
2023-12-16_plate_3.csv,2023-12-16,Vilanova,plate__3,5.2867500000000005,5.340166666666666,3.07459005767066,3.104075849393484
2023-12-16_plate_4.csv,2023-12-16,Vilanova,plate__4,6.654750000000001,6.60175,3.6769134072677665,3.6189450528371583
